Got 99.98%ile in Physics in 3 Months JEE Mains. Here's how!|WLUZsVQuHJw|https://www.youtube.com/watch?v=WLUZsVQuHJw
JEE 2027 Last 100 Days - Itna Karo for +99%ile in PHYSICS🔥 | Eduniti|2vyaNQnzrhs|https://www.youtube.com/watch?v=2vyaNQnzrhs
Download before your JEE/NEET 2027 Exam | BEST Physics Short Notes | Eduniti|_-ZNnuLm-3Q|https://www.youtube.com/watch?v=_-ZNnuLm-3Q
JEE 2027 DROPPERS - Watch before Wasting Drop Year ! | Minimum 99%ile🔥|LZURBJiCfHw|https://www.youtube.com/watch?v=LZURBJiCfHw
JEE 2027: 100 Days 5 Habits & 99.34%ile😲 - Here's What Happened | Eduniti|mdZdRliW2Ow|https://www.youtube.com/watch?v=mdZdRliW2Ow
If You Want 160+ in NEET Physics 2027, WATCH THIS FIRST 🚨|iffk6-SS0_A|https://www.youtube.com/watch?v=iffk6-SS0_A
IAT 2026 Physics Solutions | IAT PYQs | IISER Aptitude Test | Eduniti | Mohit Sir|d3EpjPH-8kE|https://www.youtube.com/watch?v=d3EpjPH-8kE
😱FREE MASTER PDF | How to use Eduniti for 100%ile in Physics JEE & NEET 2027|YIhJP8EeTTI|https://www.youtube.com/watch?v=YIhJP8EeTTI
JEE 2027 JAN ATTEMPT DATES | Eduniti #Latest #NTA|7EoMLZD452M|https://www.youtube.com/watch?v=7EoMLZD452M
GET ADDICTED TO SOLVING - JEE & NEET 2027 | Target 100%ile in Physics | Eduniti | Mohit Sir|oyyCfPCnVkk|https://www.youtube.com/watch?v=oyyCfPCnVkk
JEE & NEET 2027: Rank Boosting 400Q🔥 | 100%ile in Physics | Eduniti | Mohit Sir|jJLdmjIkTSw|https://www.youtube.com/watch?v=jJLdmjIkTSw
JEE Main 2019 Solution- Modern Physics | Rank Boosting 24Q | Physics PYQs | Eduniti|0c1n3-UMtP8|https://www.youtube.com/watch?v=0c1n3-UMtP8
JEE Main 2019 Solution- Semiconductors | Rank Boosting 11Q | Physics PYQs | Eduniti|LF-edn6DyhQ|https://www.youtube.com/watch?v=LF-edn6DyhQ
JEE Main 2019 Solution- Units Dimensions & Errors | Rank Boosting 14Q | Physics PYQs | Eduniti|V6qwN0Jurao|https://www.youtube.com/watch?v=V6qwN0Jurao
JEE 2027: Crack in 4 Months🔥 | Droppers & 12th | Eduniti | Mohit Sir|fchHT_vIi_0|https://www.youtube.com/watch?v=fchHT_vIi_0
JEE Main 2019 Solution- EM Waves | Rank Boosting 13Q | Physics PYQs | Eduniti|eEcZmWSrggU|https://www.youtube.com/watch?v=eEcZmWSrggU
JEE Main 2019 Solution- Wave Optics | Rank Boosting 11Q | Physics PYQs | Eduniti|t2uRhk_gjIU|https://www.youtube.com/watch?v=t2uRhk_gjIU
JEE Main 2019 Solution- Wave Motion | Rank Boosting 14Q | Physics PYQs | Eduniti|KVuGY9EMgm0|https://www.youtube.com/watch?v=KVuGY9EMgm0
How to Remember Everything You Study - JEE & NEET 2027 Aspirants | Eduniti|cYn17VUTbAQ|https://www.youtube.com/watch?v=cYn17VUTbAQ
JEE Main 2019 Solution- KTG & Thermodynamics | Rank Boosting 30Q | Physics PYQs | Eduniti|elgjMnzfUoc|https://www.youtube.com/watch?v=elgjMnzfUoc
JEE Main 2019 Solution- Thermal Prop & Heat Transfer | Rank Boosting 16Q | Physics PYQs | Eduniti|Yb-B-GEMIfc|https://www.youtube.com/watch?v=Yb-B-GEMIfc
Best Resource for NEET 2027 | 120 Days Roadmap for 180/180 in PHYSICS 🏆 | Eduniti|2VAWp0VEBt0|https://www.youtube.com/watch?v=2VAWp0VEBt0
JEE Main 2019 Solution- Fluid Mechanics | Rank Boosting 12Q | Physics PYQs | Eduniti|ai-DJJ4nj2o|https://www.youtube.com/watch?v=ai-DJJ4nj2o
JEE Main 2019 Solution- Properties of Solids | Rank Boosting 6Q | Physics PYQs | Eduniti|brJ1tTjv_XM|https://www.youtube.com/watch?v=brJ1tTjv_XM
JEE Main 2019 Solution- AC (Alternating Current) | Rank Boosting 6Q | Physics PYQs | Eduniti|Tr6PhZ588cQ|https://www.youtube.com/watch?v=Tr6PhZ588cQ
JEE Main 2019 Solution- EMI (Electromagnetic Induction) | Rank Boosting 12Q | Physics PYQs | Eduniti|m_DGggXtvWU|https://www.youtube.com/watch?v=m_DGggXtvWU
JEE Main 2019 Solution- Moving Charges & MEC | Rank Boosting 24Q | Physics PYQs | Eduniti|yfBVewiU7AY|https://www.youtube.com/watch?v=yfBVewiU7AY
JEE Main 2019 Solution- Current Electricity | Rank Boosting 41Q | Physics PYQs | Eduniti|bjSLqDwSvU4|https://www.youtube.com/watch?v=bjSLqDwSvU4
CRACK JEE 2027 IN 150 DAYS FROM NOW | EDUNITI | MOHIT SIR|JbOhxqb7kVU|https://www.youtube.com/watch?v=JbOhxqb7kVU
JEE Main 2019 Solution- Simple Harmonic Motion | Rank Boosting 13Q | Physics PYQs | Eduniti|kRghlRvaPxc|https://www.youtube.com/watch?v=kRghlRvaPxc
JEE Main 2019 Solution- Rotation | Rank Boosting 28Q | Physics PYQs | Eduniti|WzT1VtNTrYY|https://www.youtube.com/watch?v=WzT1VtNTrYY
JEE Main 2019 Solution- COM & Collision | Rank Boosting 13Q | Physics PYQs | Eduniti|e1ypZS7pnfQ|https://www.youtube.com/watch?v=e1ypZS7pnfQ
JEE Main 2019 Solution- Work Energy Power | Rank Boosting 8Q | Physics PYQs | Eduniti|clpQwoY3szo|https://www.youtube.com/watch?v=clpQwoY3szo
JEE Main 2019 Solution- Laws of Motion | Rank Boosting 9Q | Physics PYQs | Eduniti|S32_6UX3gKU|https://www.youtube.com/watch?v=S32_6UX3gKU
JEE Main 2019 Solution- Capacitors | Rank Boosting 17Q | Physics PYQs | Eduniti|g3cNs2bxWxY|https://www.youtube.com/watch?v=g3cNs2bxWxY
JEE Main 2019 Solution- Gravitation | Rank Boosting 15Q | Physics PYQs | Eduniti|n4yHrja6sRA|https://www.youtube.com/watch?v=n4yHrja6sRA
JEE Main 2019 Solution- Kinematics  | Rank Boosting 22Q | Physics PYQs | Eduniti|CnakrR_poQM|https://www.youtube.com/watch?v=CnakrR_poQM
JEE 2027: 4 Months Roadmap 🔥 | 80-100 Marks Physics | YE KARLO BAS ! | Eduniti | Mohit Sir|zVK-KSTjk3E|https://www.youtube.com/watch?v=zVK-KSTjk3E
JEE 2027: All 475Q of Physics 🔥 | Eduniti | Mohit Sir|ZjsaG11-xgs|https://www.youtube.com/watch?v=ZjsaG11-xgs
JEE Main 2026 April Attempt Solutions - Wave Optics & EM Waves | Eduniti | Mohit Sir|nR9hgZf4YqI|https://www.youtube.com/watch?v=nR9hgZf4YqI
JEE Main 2026 April Attempt Solutions - Semiconductors | Eduniti | Mohit Sir|sNTMEEnkFuk|https://www.youtube.com/watch?v=sNTMEEnkFuk
JEE Main 2026 April Attempt Solutions - Units Dimensions & Errors | Eduniti | Mohit Sir|v_IMschtOUA|https://www.youtube.com/watch?v=v_IMschtOUA
JEE Main 2026 April Attempt Solutions - Modern Physics | Eduniti | Mohit Sir|uxb_qhCWoiQ|https://www.youtube.com/watch?v=uxb_qhCWoiQ
RE-NEET 2026 Full Physics Solution | Most Detailed🔥  | All 45 Questions | Eduniti | Mohit Sir|Ee59coyqmv8|https://www.youtube.com/watch?v=Ee59coyqmv8
JEE Main 2026 April Attempt Solutions - SHM Wave Motion Thermal Properties Heat Transfer | Eduniti|msMNNH2DMvE|https://www.youtube.com/watch?v=msMNNH2DMvE
JEE Main 2026 April Attempt Solutions - Fluid Mechanics | Eduniti | Mohit Sir|BxeYUcZyJMY|https://www.youtube.com/watch?v=BxeYUcZyJMY
JEE Main 2026 April Attempt Solutions - Properties of Solids | Eduniti | Mohit Sir|3Yhwn74oEP8|https://www.youtube.com/watch?v=3Yhwn74oEP8
JEE Main 2026 April Attempt Solutions - KTG & Thermodynamics | Eduniti | Mohit Sir|qEF8xo0J-wI|https://www.youtube.com/watch?v=qEF8xo0J-wI
JEE Main 2026 April Attempt Solutions - Ray Optics | Eduniti | Mohit Sir|t_5zuIhEUwk|https://www.youtube.com/watch?v=t_5zuIhEUwk
JEE Main 2026 April Attempt Solutions - EMI & Alternating Current | Eduniti | Mohit Sir|xfA-0wdEOgM|https://www.youtube.com/watch?v=xfA-0wdEOgM
JEE Main 2026 April Attempt Solutions - Moving Charges & MEC | Eduniti | Mohit Sir|zurYnE1oje0|https://www.youtube.com/watch?v=zurYnE1oje0
JEE Main 2026 April Attempt Solutions - Capacitors & Current Electricity | Eduniti | Mohit Sir|7NV70vO94dA|https://www.youtube.com/watch?v=7NV70vO94dA
JEE Main 2026 April Attempt Solutions - Electrostatics | Eduniti | Mohit Sir|XY9Mx6qzlGs|https://www.youtube.com/watch?v=XY9Mx6qzlGs
JEE 2027 Batch - DROPPERS & 12th APPEARING | Details & Closing Date | Eduniti | Mohit Sir|g2z74SDflwA|https://www.youtube.com/watch?v=g2z74SDflwA
JEE Main 2026 April Attempt Solutions - Rotation & Gravitation | Eduniti | Mohit Sir|ARTuAIfPMGc|https://www.youtube.com/watch?v=ARTuAIfPMGc
JEE Main 2026 April Attempt Solutions - WEP COM & Collision | Eduniti | Mohit Sir|p1pBlQZGlk4|https://www.youtube.com/watch?v=p1pBlQZGlk4
JEE Main 2026 April Attempt Solutions - Laws of Motion | Eduniti | Mohit Sir|jluinB0OGUs|https://www.youtube.com/watch?v=jluinB0OGUs
JEE Main 2026 April Attempt Solutions - Kinematics | Eduniti | Mohit Sir|1EmoIPUU4rQ|https://www.youtube.com/watch?v=1EmoIPUU4rQ
MOHIT SIR IS HERE ! #2027batch|mjgwfz3AAII|https://www.youtube.com/watch?v=mjgwfz3AAII
Mohit Sir reacting to Physics P1 & P2 JEE ADV 2026|MobR69mFP-w|https://www.youtube.com/watch?v=MobR69mFP-w
JEE ADV 2027: RADIOACTIVITY BOOSTER SESSION (MODERN PHYSICS) | Eduniti | Mohit Sir|_atKJYSfW4M|https://www.youtube.com/watch?v=_atKJYSfW4M
JEE ADV 2027: RAY OPTICS BOOSTER SESSION | Eduniti | Mohit Sir|4oruWHV-CN8|https://www.youtube.com/watch?v=4oruWHV-CN8
JEE ADV 2027: Mechanics Booster Session | Eduniti | Mohit Sir|AsQdO_oSViw|https://www.youtube.com/watch?v=AsQdO_oSViw
Motional EMF & RC Circuit Booster Problem (EMI) | IIT JEE Advanced Physics | Eduniti|NKim0OGyb-g|https://www.youtube.com/watch?v=NKim0OGyb-g
Atomic Collision (Modern Physics) | Booster Session on IIT JEE Advanced Physics | Eduniti|oj3whuPofNM|https://www.youtube.com/watch?v=oj3whuPofNM
Vernier Caliper Booster Problems | Session on IIT JEE Advanced Physics | Eduniti|_H2t2sGV1w4|https://www.youtube.com/watch?v=_H2t2sGV1w4
Electrostatic Booster Problems | Session on IIT JEE Advanced Physics | Eduniti|MeM7kz3-Cp4|https://www.youtube.com/watch?v=MeM7kz3-Cp4
Problem Solving on Doppler's Effect | Booster Session on IIT JEE Advanced Physics|-KwfP-JHNqc|https://www.youtube.com/watch?v=-KwfP-JHNqc
Problem on Pre-charged Complex RC Circuit  | Booster Session on IIT JEE Advanced Physics|hjn0wSYJ0no|https://www.youtube.com/watch?v=hjn0wSYJ0no
Problem on Capacitor & Rotation Mixed | Booster Session on IIT JEE Advanced Physics|Nn97P2TLOe0|https://www.youtube.com/watch?v=Nn97P2TLOe0
JEE Adv 2025 Solutions | WAVE MOTION 2Q | Advanced PYQs | Eduniti | Mohit Sir|9NR2TR_SG8Y|https://www.youtube.com/watch?v=9NR2TR_SG8Y
Electric Field in Time Varying Magnetic Field | Booster Session for IIT JEE Advanced Physics|VR8e_1LVzDw|https://www.youtube.com/watch?v=VR8e_1LVzDw
JEE Adv 2025 Solutions | Modern Physics & EM Waves 4Q | Advanced PYQs | Eduniti | Mohit Sir|0fXNcSQIxmM|https://www.youtube.com/watch?v=0fXNcSQIxmM
JEE Adv 2025 Solutions | Dimensions & Errors 4Q | Advanced PYQs | Eduniti | Mohit Sir|jGVD_WzBM9I|https://www.youtube.com/watch?v=jGVD_WzBM9I
JEE Adv 2025 Solutions | Thermodynamics & Heat Transfer 4Q | Advanced PYQs | Eduniti | Mohit Sir|Xl1Ye3QU0ko|https://www.youtube.com/watch?v=Xl1Ye3QU0ko
You can still do it ? JEE ADVANCED 2026 | 20 Days True Guidance | Eduniti|hDEGvohbH0Y|https://www.youtube.com/watch?v=hDEGvohbH0Y
JEE Adv 2025 Solutions | RAY & WAVE OPTICS 3Q | Advanced PYQs | Eduniti | Mohit Sir|cjA0V0ZqT_U|https://www.youtube.com/watch?v=cjA0V0ZqT_U
JEE Adv 2025 Solutions | Mechanics 6 Questions | Advanced PYQs | Eduniti | Mohit Sir|u-7IGCHB_TU|https://www.youtube.com/watch?v=u-7IGCHB_TU
IAT 2019 Physics Solutions | IAT PYQs | IISER Aptitude Test | Eduniti | Mohit Sir|LAiBHIs4a-w|https://www.youtube.com/watch?v=LAiBHIs4a-w
JEE Adv 2025 Solutions | Electrodynamics 8 Questions | Advanced PYQs | Eduniti | Mohit Sir|2uQP1TMbVmw|https://www.youtube.com/watch?v=2uQP1TMbVmw
Mindset to Crack JEE Advanced 2026 🔥 | Eduniti | Mohit Sir|0X8PDiqH3II|https://www.youtube.com/watch?v=0X8PDiqH3II
Final Call for JEE ADV 2026 Aspirants | A Seat in IIT | Eduniti | Mohit Sir|j69YetynRCc|https://www.youtube.com/watch?v=j69YetynRCc
😲CUTOFF : Final Result JEE 2026 Out | Eduniti #latest|9ll_04M_aHo|https://www.youtube.com/watch?v=9ll_04M_aHo
😲Final Answer Key: JEE 2026 April | Dropped/Answer Change ? | Eduniti #latest|lxGDGI3_qwM|https://www.youtube.com/watch?v=lxGDGI3_qwM
IAT 2026: 40 Days Challenge for 60/60 in Physics 🔥| Complete Strategy | Eduniti | Mohit Sir|A4R7xLDnAVo|https://www.youtube.com/watch?v=A4R7xLDnAVo
🔥BITSAT 2026: 90 Marks in Physics😍 (30 Days Checklist) | Eduniti | Mohit Sir|hSkPR2c7tFA|https://www.youtube.com/watch?v=hSkPR2c7tFA
30 Days Block Strategy JEE Advanced 2026 | You Can Still Get a RANK | Eduniti|EKFydFPE6T4|https://www.youtube.com/watch?v=EKFydFPE6T4
IAT 2025 Physics Solutions | IAT PYQs | IISER Aptitude Test | Eduniti | Mohit Sir|ZMR3j-eIyj4|https://www.youtube.com/watch?v=ZMR3j-eIyj4
😲93.2%ile in JEE Mains to IIT Kanpur How She did it ? | JEE ADV 2026 | Eduniti | Mohit Sir|ZEiMv-L-028|https://www.youtube.com/watch?v=ZEiMv-L-028
JEE 2026 April: UNFAIR / LOW SCORE - WHAT NEXT ? | A Must Talk Session by Mohit Sir | Eduniti|2l7Xq6ZdNnQ|https://www.youtube.com/watch?v=2l7Xq6ZdNnQ
😱5-SHIFT 2 Chemistry Answer Key Major Blunder |  JEE Main 2026 April | Eduniti|RCqzy7H622A|https://www.youtube.com/watch?v=RCqzy7H622A
JEE Main 2026 April Answer Key is OUT | Eduniti #latest|KlPCN2J2yJk|https://www.youtube.com/watch?v=KlPCN2J2yJk
35 Days Roadmap for JEE Advanced 2026 | +80 Marks in Physics | A Seat in IIT | Eduniti | Mohit Sir|4ySx0utEIlA|https://www.youtube.com/watch?v=4ySx0utEIlA
Quick Review of 8th April Shift 2 JEE 2026 April | PAPER LEVEL? | Eduniti | Mohit Sir|nAB7v0EBObU|https://www.youtube.com/watch?v=nAB7v0EBObU
JEE 2026: URGENT for 8th SHIFT 2 | TOP 30Q of 5S2 6S1 & 6S2 | +80 in Physics | Eduniti | Mohit Sir|85tWaVLFTDE|https://www.youtube.com/watch?v=85tWaVLFTDE
Quick Review of 6th April Shift 2 JEE 2026 April | PAPER LEVEL? | Eduniti | Mohit Sir|j1A6cfWUyWc|https://www.youtube.com/watch?v=j1A6cfWUyWc
Quick Review of 6th April Shift 1 JEE 2026 April | TOUGH OR LENGTHY ? | Eduniti | Mohit Sir|s6isJu3HnFI|https://www.youtube.com/watch?v=s6isJu3HnFI
JEE 2026: TOP 11Q of 5th APRIL S1 | +80 in Physics | Eduniti | Mohit Sir|2geEM5YVsuw|https://www.youtube.com/watch?v=2geEM5YVsuw
Quick Review of 5th April Shift 2 JEE 2026 April | PAPER LEVEL/WEIGHTAGE ? | Eduniti | Mohit Sir|XG8dChj2w1k|https://www.youtube.com/watch?v=XG8dChj2w1k
Quick Review of 5th April Shift 1 JEE 2026 April | PAPER LEVEL/WEIGHTAGE ? | Eduniti | Mohit Sir|SNs2KC-s6QU|https://www.youtube.com/watch?v=SNs2KC-s6QU
JEE 2026: TOP 10Q of 4th APRIL S2 | +80 in Physics | Eduniti | Mohit Sir|g4sPqnpei2k|https://www.youtube.com/watch?v=g4sPqnpei2k
Quick Review of 4th April Shift 2 JEE 2026 April | PAPER LEVEL ? | Eduniti | Mohit Sir|Uv4CwMVlH-0|https://www.youtube.com/watch?v=Uv4CwMVlH-0
Quick Review of 4th April Shift 1 JEE 2026 April | TOUGH ? | Eduniti | Mohit Sir|aKAj8oJpIZI|https://www.youtube.com/watch?v=aKAj8oJpIZI
JEE 2026: URGENT for 6-8 April | Top 25Q of 2nd S1/S2 | +80 in Physics | Eduniti|Iv8oPuGzTuw|https://www.youtube.com/watch?v=Iv8oPuGzTuw
JEE 2026 April: Urgent for 4-8th April Aspirant | Physics Pattern | 80+ Marks | Eduniti | Mohit Sir|f3QPKV5bfuI|https://www.youtube.com/watch?v=f3QPKV5bfuI
Quick Review of 2nd April Shift 2 JEE 2026 April | MODERATE OR TOUGH? | Eduniti | Mohit Sir|Fbli3duD4Gg|https://www.youtube.com/watch?v=Fbli3duD4Gg
Quick Review of 2nd April Shift 1 JEE 2026 April | Paper Level/Weightage | Eduniti | Mohit Sir|MsscVHMZJX8|https://www.youtube.com/watch?v=MsscVHMZJX8
5 DAYS LEFT for April Attempt JEE 2026 | SUNO | Eduniti | Mohit Sir|jLXYKtXPOcY|https://www.youtube.com/watch?v=jLXYKtXPOcY
JEE 2026 75Q Repeated by NTA - PART 2 | 3 Hrs Challenge️‍🔥 | +90 Marks Physics | Eduniti | Mohit Sir|FeSupFc8M8g|https://www.youtube.com/watch?v=FeSupFc8M8g
Top 111Q for JEE 2026 April 🔥 | 99-100%ile in Physics | Selected Ques of Jan Attempt | Eduniti|2srG5s9UZDM|https://www.youtube.com/watch?v=2srG5s9UZDM
JEE 2026: 2nd-8th April Shift Wise Plan | 80-100 Marks in Physics | Eduniti | Mohit Sir|kSm7iHqOxUI|https://www.youtube.com/watch?v=kSm7iHqOxUI
Follow THIS for LAST 10 Days: JEE 2026 April | Important Chapters/Questions | Physics | Eduniti|uFwqmVDUew4|https://www.youtube.com/watch?v=uFwqmVDUew4
JEE 2026 April: 10 Hrs Challenge🔥| +99%ile in Physics | Eduniti | Mohit Sir|PmM5nMoSXA4|https://www.youtube.com/watch?v=PmM5nMoSXA4
JEE 2026: 41 Important Units Conversion & Physical Constants in Physics | Eduniti | Mohit Sir|N2zW7wazcMI|https://www.youtube.com/watch?v=N2zW7wazcMI
JEE 2026 April: 15 Days Left (An Important Session) | Eduniti | Mohit Sir|zjuX_GvO6Ms|https://www.youtube.com/watch?v=zjuX_GvO6Ms
How to do 200Q everyday for JEE 2026 April Attempt🔥 | Eduniti | Mohit Sir|N9XERS_uJJ4|https://www.youtube.com/watch?v=N9XERS_uJJ4
JEE 2026 April: 3/20 CHALLENGE🔥 | Skills for 97-99%ile in 2nd Session | Eduniti | Mohit Sir|PTxjEvONBKo|https://www.youtube.com/watch?v=PTxjEvONBKo
JEE 2026 April Attempt Talk Session | +99%ile Target | Eduniti | Mohit Sir|Nn8P3Wu0j_o|https://www.youtube.com/watch?v=Nn8P3Wu0j_o
APRIL & ADVANCED EDUNITI BATCHES🔥 | Last Call to Join | Physics | Eduniti | Mohit Sir|y-VWYY_PVEs|https://www.youtube.com/watch?v=y-VWYY_PVEs
Very Low Percentile - Listen JEE 2026 Aspirants | Jan Results | Eduniti|4CctaVzsS_4|https://www.youtube.com/watch?v=4CctaVzsS_4
😱WRONG ANSWER KEY: JEE 2026 JAN ATTEMPT | HOW TO MATCH ANSWER KEY ? | Eduniti|jONqQb5iTOo|https://www.youtube.com/watch?v=jONqQb5iTOo
JEE Main 2026 Results Delayed! 🚨BUT WHY ? | Eduniti|YQ-kf5ewq94|https://www.youtube.com/watch?v=YQ-kf5ewq94
JEE 2026 24th JAN SHIFT 1 REVIEW in 90 Sec | Eduniti | Mohit Sir|uhe0AqMNjkU|https://www.youtube.com/watch?v=uhe0AqMNjkU
JEE 2026 23rd JAN SHIFT 2 REVIEW in 90 Sec | Eduniti | Mohit Sir|YVyoKK1Szfo|https://www.youtube.com/watch?v=YVyoKK1Szfo
JEE 2026 23rd JAN SHIFT 1 REVIEW in 90 Sec | Eduniti | Mohit Sir|rar4P4P1GTY|https://www.youtube.com/watch?v=rar4P4P1GTY
JEE 2026 - 22 JAN S1 SPEED SOLUTION (20 QUESTIONS) | Physics | Eduniti | Mohit Sir|uTmrIbY_g0E|https://www.youtube.com/watch?v=uTmrIbY_g0E
JEE 2026: TOP 15Q of 21 SHIFT 2 Speed Solution| Physics | Eduniti | Mohit Sir|-7vopJJaW08|https://www.youtube.com/watch?v=-7vopJJaW08
JEE 2026: TOP 15Q of 21 JAN SHIFT 1 Speed Solution | Physics | Eduniti | Mohit Sir|tMgOM1Pm5WY|https://www.youtube.com/watch?v=tMgOM1Pm5WY
JEE 2026 21st JAN SHIFT 2 REVIEW in 90 Sec | Eduniti | Mohit Sir|HOdGQa0nF8o|https://www.youtube.com/watch?v=HOdGQa0nF8o
JEE 2026 21st JAN SHIFT 1 REVIEW in 2 Min | Eduniti | Mohit Sir|nuytpFISqFg|https://www.youtube.com/watch?v=nuytpFISqFg
JEE 2026 75Q Repeated by NTA - PART 1 | 3 Hrs Challenge️‍🔥 | +90 Marks Physics | Eduniti|5gXt-_ZmPkY|https://www.youtube.com/watch?v=5gXt-_ZmPkY
JEE 2027: 7 Expected Questions from Mixed Chapter (Part 2) 🔥 | 11 & 12 Physics | Eduniti | Mohit Sir|sdnEI-mpV4Y|https://www.youtube.com/watch?v=sdnEI-mpV4Y
JEE 2027:  MIXED 15 QUESTIONS (Competency Based) | 12th Physics | Eduniti | Mohit Sir|U7xuWZaYJ0M|https://www.youtube.com/watch?v=U7xuWZaYJ0M
JEE 2027: Mixed Chapter 7 Expected Questions (Part 1) 🔥 | 11 & 12 Physics | Eduniti | Mohit Sir|vHIhXfilkpg|https://www.youtube.com/watch?v=vHIhXfilkpg
JEE 2027: Fluid Mechanics 7 Expected Ques (Part2)🔥 | +4-8 Marks | Physics | Eduniti | Mohit Sir|LIp4AZu3P0g|https://www.youtube.com/watch?v=LIp4AZu3P0g
JEE 2027: CHARGE MOVING in Magnetic & Electric Field 🔥 | CONCEPT & 5Q EXPECTED | Eduniti | Mohit Sir|YmQvWuXsNhs|https://www.youtube.com/watch?v=YmQvWuXsNhs
JEE 2027: Assertion Reason 7Q Sure Shot (Part 2)🔥 | %ile Decider in Exams | Physics | Eduniti|lauuB4VKWw4|https://www.youtube.com/watch?v=lauuB4VKWw4
JEE 2027: Fluid Mechanics 7 Expected Ques (Part1)🔥 | +4-8 Marks | Physics | Eduniti | Mohit Sir|gwC-whA3M3g|https://www.youtube.com/watch?v=gwC-whA3M3g
😡A SHAMEFUL ACT | JEE 2026 | Eduniti|cPmd8UsaQ_U|https://www.youtube.com/watch?v=cPmd8UsaQ_U
JEE 2026: CIRCUIT 50Q FROM PAST 6 YEARS🔥 (8-20 MARKS😲) | Physics | Eduniti | Mohit Sir|8CePF5CaYf0|https://www.youtube.com/watch?v=8CePF5CaYf0
JEE 2027: Assertion Reason 7Q Sure Shot (Part 1)🔥 | %ile Decider in Exams | Physics | Eduniti|jka_UoZPqHs|https://www.youtube.com/watch?v=jka_UoZPqHs
THE TRUTH : 21-24th EASY, 28th TOUGH😱 | JEE Main 2026 | ACTION PLAN | Eduniti | Mohit Sir|vWkBHdq-3yw|https://www.youtube.com/watch?v=vWkBHdq-3yw
JEE 2027 Image Velocity in Ray Optics | Concept + 3Q Most Expected in 14 Min🔥 | Eduniti|X1_c_4JaNwU|https://www.youtube.com/watch?v=X1_c_4JaNwU
JEE 2026: 7Q Sure Shot in Mechanics - Part 3🔥 | +20 Marks | Physics | Eduniti | Mohit Sir|Qbb6H6MhmRc|https://www.youtube.com/watch?v=Qbb6H6MhmRc
JEE 2027: 5Q Sure Shot in KINEMATICS/PROJECTILE/2D🔥 | +4 Marks in Physics | Eduniti | Mohit Sir|_d0XU35l5jY|https://www.youtube.com/watch?v=_d0XU35l5jY
JEE 2027: 7Q Sure Shot in Electrodynamics🔥 (Part 2) | HIGH WEIGHTAGE | Eduniti | Mohit Sir|1RdDchv2j_o|https://www.youtube.com/watch?v=1RdDchv2j_o
Step to Revise 7 CHAPTERS/DAY till 21st JAN ️‍🔥 | Physics | JEE 2026 | Eduniti|2PyO1toAQsk|https://www.youtube.com/watch?v=2PyO1toAQsk
JEE 2027 - SHM 7 Sure Shot Questions🔥 | +4 Marks in Physics | Eduniti | Mohit Sir|t7-G5GEfQXI|https://www.youtube.com/watch?v=t7-G5GEfQXI
JEE 2027 - Wave Motion 7 Expected Ques🔥 | +4 Marks in Physics | Eduniti | Mohit Sir|4ioZfE3kGMg|https://www.youtube.com/watch?v=4ioZfE3kGMg
SKIP these Chapters in last 20 Days🚫 JEE 2026 - High Weightage Chapters|YHDhr_qF_r4|https://www.youtube.com/watch?v=YHDhr_qF_r4
JEE 2027 - Cylinder Piston in Thermodynamics🔥 | 3Q Sure Shot | Spring Loaded | Eduniti | Mohit Sir|0Ro_F6Af0Zg|https://www.youtube.com/watch?v=0Ro_F6Af0Zg
JEE 2027: 25 Cases of Energy Conservation in Complete Physics |+8 to 16 Marks | Eduniti | Mohit Sir|_xOTxiWGGpI|https://www.youtube.com/watch?v=_xOTxiWGGpI
JEE 2026: Can I STILL CRACK JAN ATTEMPT | 😱9 Pointers SUNO ! | Mohit Sir | Eduniti|3y0Eu3CRMiM|https://www.youtube.com/watch?v=3y0Eu3CRMiM
JEE 2027 - Electrostatics 7 Expected Ques (Part 2)🔥 | +4 to 8 Marks in Physics | Eduniti | Mohit Sir|MqeFMKAf5x8|https://www.youtube.com/watch?v=MqeFMKAf5x8
JEE 2027: 7Q Sure Shot in Mechanics - Part 2🔥 | +20 Marks | Physics | Eduniti | Mohit Sir|JJMhkssd4GQ|https://www.youtube.com/watch?v=JJMhkssd4GQ
JEE 2027: 7Q Sure Shot in Electrodynamics🔥 (Part 1) | HIGH WEIGHTAGE | Eduniti | Mohit Sir|lllAWLu5mso|https://www.youtube.com/watch?v=lllAWLu5mso
JEE 2026: 3 Full Syllabus Mock Test (LATEST SYLLABUS/PATTERN) | Physics | Eduniti|P-DUUlogKL4|https://www.youtube.com/watch?v=P-DUUlogKL4
JEE 2027: 7Q Sure Shot in Mechanics - Part 1🔥 | +16-20 Marks | Physics | Eduniti | Mohit Sir|3vkFbQxEYqE|https://www.youtube.com/watch?v=3vkFbQxEYqE
JEE 2027: How to Solve 3 or more Capacitor in such Circuit | +4 Marks | Eduniti| Mohit Sir|UZar6SjfdGg|https://www.youtube.com/watch?v=UZar6SjfdGg
JEE 2026: 40 Must do Solved Ex & Tables from NCERT Physics | Eduniti | Mohit Sir|obu02mSmz8I|https://www.youtube.com/watch?v=obu02mSmz8I
JEE 2026: No One DARES to Tell You This! Only 20 Days LEFT|Y4oiUfM5Bw0|https://www.youtube.com/watch?v=Y4oiUfM5Bw0
JEE 2027 - 5Q Sure Shot in Rotation🔥 (Part 1) | +4-8 Marks | Physics | Eduniti | Mohit Sir|Q8Rujg2Mkio|https://www.youtube.com/watch?v=Q8Rujg2Mkio
Cavity Question in JEE Main 2027 🔥| +4 Marks MEC | Physics | Eduniti| Mohit Sir|JcEaz2o0sL4|https://www.youtube.com/watch?v=JcEaz2o0sL4
JEE 2026: 😱WATCH NOW or REGRET LATER  | 10 Do's & Don'ts for 97-99%ile | Eduniti | Mohit Sir|TIKSO7licuU|https://www.youtube.com/watch?v=TIKSO7licuU
JEE 2027 - 7Q Sure Shot in Ray Optics🔥 | +8-12 Marks | Physics | Eduniti | Mohit Sir|FXJO4GYTmXI|https://www.youtube.com/watch?v=FXJO4GYTmXI
JEE 2026: Average to Excellence in 40 Days😱 (You WON'T FEEL LOST after this) | Eduniti | Mohit Sir|d_Q7wrD4va0|https://www.youtube.com/watch?v=d_Q7wrD4va0
1 CHAPTER in 1 DAY😱 JEE 2026 | This Video Can Change Everything! | Eduniti|k_mWrc0iJJM|https://www.youtube.com/watch?v=k_mWrc0iJJM
JEE 2026: PAPER ATTEMPTING & ANALYSIS RULES | 😮Upto 70 Marks Jump | Eduniti | Mohit Sir|VU7n-QDmwbA|https://www.youtube.com/watch?v=VU7n-QDmwbA
JEE 2026 - Lens & Mirror Cutting in Ray Optics | Axis Shifting Tricks | JEE Physics | Eduniti|FWhpXEkiQlI|https://www.youtube.com/watch?v=FWhpXEkiQlI
JEE 2027 - 5 Expected Ques from VCM (NTA's Fav Concept) | Eduniti | Mohit Sir|EwOMzB63gBI|https://www.youtube.com/watch?v=EwOMzB63gBI
🔥JEE 2026 : 100% Possible Hai only if you...| SUNO | Eduniti|qmHGFfUfuDs|https://www.youtube.com/watch?v=qmHGFfUfuDs
JEE 2027: Ray Optics Rank Decider Ques🔥| +4 Marks | Physics | Eduniti| Mohit Sir|WAe2r5Ly4ag|https://www.youtube.com/watch?v=WAe2r5Ly4ag
JEE 2027: MEC Rank Decider Ques🔥| +4 Marks | Physics | Eduniti| Mohit Sir|2fhxJ9ukudY|https://www.youtube.com/watch?v=2fhxJ9ukudY
JEE 2026: 60 Days-80 Marks La Sakte Ho🔥 (Shuru to Karo) | Eduniti | Mohit Sir|bChnmZX2u0E|https://www.youtube.com/watch?v=bChnmZX2u0E
JEE 2026: +90 Marks in Physics😱 | 12 CHALLENGES🔥 | Eduniti | Mohit Sir|P3AZQRxL7qE|https://www.youtube.com/watch?v=P3AZQRxL7qE
JEE 2026: 7 Tips to Master solving for 97-99% in Physics | Eduniti | Mohit Sir|KOpIfh1h6K4|https://www.youtube.com/watch?v=KOpIfh1h6K4
JEE Main 2026 - Top 200 PYQs of 2025 | Physics | Eduniti | Mohit Sir #4thChallenge|UI8Sb7dgSGo|https://www.youtube.com/watch?v=UI8Sb7dgSGo
9 Expected Ques in JEE Main 2026 | Physics | Eduniti | Mohit Sir|OK2PtsF1zow|https://www.youtube.com/watch?v=OK2PtsF1zow
JEE 2026: 16 Wrong Concepts in PHYSICS (A Must Session to Save -5 Marks) | Eduniti|Ks7XJ8r_BrU|https://www.youtube.com/watch?v=Ks7XJ8r_BrU
JEE Main 2019 Solution- Electrostatics  | Rank Boosting 24Q | Physics PYQs | Eduniti|pzsEySawt5E|https://www.youtube.com/watch?v=pzsEySawt5E
JEE Main 2019 Solution - Ray Optics  | Rank Boosting 23Q | Physics PYQs | Eduniti |NtoH49krlLg|https://www.youtube.com/watch?v=NtoH49krlLg
JEE 2027 - Fish Bird Problem in Ray Optics | +4 Marks | Eduniti | Mohit Sir|UTUyY5a9G3Y|https://www.youtube.com/watch?v=UTUyY5a9G3Y
JEE 2026: Execute in 60 Days for 99%ile in Jan Attempt | Physics | Eduniti|z-AEopSXVpk|https://www.youtube.com/watch?v=z-AEopSXVpk
JEE 2026- 5Q & 3 TIPS for +99 Percentile🔥 | Eduniti | Mohit Sir #eraoftruelearning|vXS6oHsc-HU|https://www.youtube.com/watch?v=vXS6oHsc-HU
JEE 2026: Must do NLM Question🔥 | TRY FOR 5 MIN | Mains & Advanced | Eduniti | Mohit Sir|oeM1UBh8loY|https://www.youtube.com/watch?v=oeM1UBh8loY
🔴JEE 2026: FASTEST way to do SYLLABUS for JAN ATTEMPT | Physics | Eduniti|ic1gw0vgB3E|https://www.youtube.com/watch?v=ic1gw0vgB3E
JEE 2026: 7 Habits/Materials🔥 for Toppers | MUST FOLLOW | Eduniti | Mohit Sir|Cr2CbOKPpF8|https://www.youtube.com/watch?v=Cr2CbOKPpF8
JEE 2026 -A Step Closer to Cracking Jan Attempt🔥🔥🔥 | Physics | Eduniti | Mohit Sir|obCwWO0Fenw|https://www.youtube.com/watch?v=obCwWO0Fenw
JEE Main 2025 PYQs - KTG & Thermodynamics | April Attempt Solution | Eduniti|HtqyYBM18CA|https://www.youtube.com/watch?v=HtqyYBM18CA
How to develop Question Solving skills - 10 Tips by IIT JEE Educator | Eduniti|-xxI7PHCc2g|https://www.youtube.com/watch?v=-xxI7PHCc2g
JEE Main 2025 PYQs - EM Waves Wave Optics & Semiconductors | April Attempt Solution | Eduniti|XSkQDgRLzB4|https://www.youtube.com/watch?v=XSkQDgRLzB4
JEE Main 2025 PYQs - Modern Physics | April Attempt Solution | Eduniti | Mohit Sir|hfsawlkI7pQ|https://www.youtube.com/watch?v=hfsawlkI7pQ
NEET 2025 Full Physics Solution | Most Detailed🔥  | All 45 Questions | Eduniti | Mohit Sir|7AuVg3EhiHI|https://www.youtube.com/watch?v=7AuVg3EhiHI
JEE Main 2025 PYQs - Thermal Properties & Wave Motion | April Attempt Solution | Eduniti | Mohit Sir|g_cvnCXZqIo|https://www.youtube.com/watch?v=g_cvnCXZqIo
JEE Main 2025 PYQs - Unit Dimensions Errors & Vectors | April Attempt Solution | Eduniti | Mohit Sir|0nz_RGknCvo|https://www.youtube.com/watch?v=0nz_RGknCvo
JEE Main 2025 PYQs - EMI & AC | April Attempt Solution | Eduniti | Mohit Sir|ldS9rr4ZFXM|https://www.youtube.com/watch?v=ldS9rr4ZFXM
JEE Main 2025 PYQs - Ray Optics | April Attempt Solution | Eduniti | Mohit Sir|f0FtD4besKI|https://www.youtube.com/watch?v=f0FtD4besKI
JEE Main 2025 PYQs - Solids & Fluids | April Attempt Solution | Eduniti | Mohit Sir|LBVX9N7Rwo4|https://www.youtube.com/watch?v=LBVX9N7Rwo4
JEE Main 2025 PYQs - Moving Charges & MEC | April Attempt Solution | Eduniti | Mohit Sir|fJ3Qbek2cEo|https://www.youtube.com/watch?v=fJ3Qbek2cEo
JEE Main 2025 PYQs - Capacitors & Current Electricity | April Attempt Solution | Eduniti | Mohit Sir|B49N02ZcwIs|https://www.youtube.com/watch?v=B49N02ZcwIs
JEE Main 2025 PYQs - Electrostatics | April Attempt Solutions | Eduniti | Mohit Sir|UqtC6jG0ajc|https://www.youtube.com/watch?v=UqtC6jG0ajc
JEE Main 2025 PYQs - Gravitation & SHM | April Attempt Solutions | Eduniti | Mohit Sir|sqMcZVp-b74|https://www.youtube.com/watch?v=sqMcZVp-b74
😱SAVE YOUR PHYSICS in JEE Mains & Advanced 2026 - Batch Detailed Tour️‍🔥️‍🔥️‍🔥|iKs9X6bJEZo|https://www.youtube.com/watch?v=iKs9X6bJEZo
Edunitians Surprised us in NEET 2025 | Proud of you all | Mohit Sir|-OfvcE9kFjc|https://www.youtube.com/watch?v=-OfvcE9kFjc
JEE Main 2025 PYQs - WEP/COM Collision / Rotation | April Attempt Solutions | Eduniti | Mohit Sir|ioFD1Vo_Xww|https://www.youtube.com/watch?v=ioFD1Vo_Xww
JEE Main 2025 PYQs - Kinematics & NLM | April Attempt Solutions | Eduniti | Mohit Sir|Nw7S9M7ZZnY|https://www.youtube.com/watch?v=Nw7S9M7ZZnY
Demo Lecture of JEE 2026 Batch 2 - Concept + 7 Examples | Full Physics by Mohit Sir | Eduniti|ZH6zfO6gmJA|https://www.youtube.com/watch?v=ZH6zfO6gmJA
IAT 2024 Physics Solutions | IAT PYQs | IISER Aptitude Test | Eduniti | Mohit Sir|0NxsfFkP6pY|https://www.youtube.com/watch?v=0NxsfFkP6pY
IAT 2023 Physics Solutions | IAT PYQs | IISER Aptitude Test | Eduniti | Mohit Sir|vgRnmKLgSPc|https://www.youtube.com/watch?v=vgRnmKLgSPc
Important Que for JEE Advanced Exam | Rotation/Electrostatics/Modern Physics | Eduniti | Mohit Sir|S4JVyuJ3RTI|https://www.youtube.com/watch?v=S4JVyuJ3RTI
Fluids Rotation Dimensions Question of IIT Kanpur Sample Paper | Q1/Q5/Q7 | Eduniti | Mohit Sir|vKqvQFZRH1k|https://www.youtube.com/watch?v=vKqvQFZRH1k
Kinematics & Ray Optics Question of IIT Kanpur Sample Paper | Q9/Q13 | Eduniti | Mohit Sir|Yy0UweEzogQ|https://www.youtube.com/watch?v=Yy0UweEzogQ
JEE Advanced 2025  IIT Kanpur Sample Paper THERMAL PHYSICS | Q3/Q17/Q18 | Eduniti | Mohit Sir|jeOi2WKv5lI|https://www.youtube.com/watch?v=jeOi2WKv5lI
JEE Advanced 2025  IIT Kanpur Sample Paper ELECTRODYNAMICS | Q6/Q8/Q10/Q14 | Eduniti | Mohit Sir|elq0rxVuPDU|https://www.youtube.com/watch?v=elq0rxVuPDU
JEE Advanced 2024 Solutions | U&D Errors and Wave Motion | 4Q | Advanced PYQs | Eduniti | Mohit Sir|e6e_dCdzn9s|https://www.youtube.com/watch?v=e6e_dCdzn9s
IIT Kanpur Sample Paper Q15 & Q16 in Physics | JEE Advanced 2025 | Eduniti | Mohit Sir|mOMz_HPc-qg|https://www.youtube.com/watch?v=mOMz_HPc-qg
JEE Advanced 2024 Solutions | Thermal & Modern Physics | 4Q | Advanced PYQs | Eduniti | Mohit Sir|22B3L1bafcQ|https://www.youtube.com/watch?v=22B3L1bafcQ
JEE Advanced 2024 Solutions | Ray & Wave Optics | 5 Questions | Advanced PYQs | Eduniti | Mohit Sir|ZwNdSRJmKS0|https://www.youtube.com/watch?v=ZwNdSRJmKS0
JEE Advanced 2024 Solutions | Mechanics | 10 Questions | Advanced PYQs | Eduniti | Mohit Sir|ixc3mYbw1iU|https://www.youtube.com/watch?v=ixc3mYbw1iU
JEE Advanced 2024 Solutions | Electrodynamics | 9 Questions | Advanced PYQs | Eduniti | Mohit Sir|STqAmzn9bOY|https://www.youtube.com/watch?v=STqAmzn9bOY
JEE 2025 - Listen 2nd-8th Aspirants😲 | Eduniti | Mohit Sir|LpxJIDiBfG4|https://www.youtube.com/watch?v=LpxJIDiBfG4
JEE 2025 April Attempt - Fluids KTG & Thermodynamics OLD NCERT IMPORTANT LINES 🔥 | Eduniti|Eps6F2GkgYs|https://www.youtube.com/watch?v=Eps6F2GkgYs
Thin Film Interference - Concept & 3 Expected Questions | JEE Main & Advanced | Eduniti|QLR3IpLSFTo|https://www.youtube.com/watch?v=QLR3IpLSFTo
JEE 2025 - Ultimate Session for 2nd-8th April | 😱Toughness Variation & Question Type | Eduniti|BCsMvp3_iqU|https://www.youtube.com/watch?v=BCsMvp3_iqU
Scored very Low😱 in Jan 2025, is 97 to 99%ile Possible | Eduniti | Mohit Sir|IIcwDOAv4uU|https://www.youtube.com/watch?v=IIcwDOAv4uU
JEE 2025 April Attempt 99-100%ile | Jan Official Analysis & SOLVING PLAN🔥 | Eduniti|5yA-GnJ3cUs|https://www.youtube.com/watch?v=5yA-GnJ3cUs
IIT 2025 - Final Call for Batch 1 | Surprise Update in Planner🚀 | A Step towards DREAM IIT | Eduniti|FtxMneDynIc|https://www.youtube.com/watch?v=FtxMneDynIc
JEE 2025 Final Ans Key Out | Is it FAIR | Physics | Eduniti @Eduniti - Physics by Mohit Goenka_IITKGP|TsuJ9Z-UtrU|https://www.youtube.com/watch?v=TsuJ9Z-UtrU
JEE 2025 - Harsh Reality for April Attempt⚠️ @Eduniti - Physics by Mohit Goenka_IITKGP|u0ZvfPzA3B0|https://www.youtube.com/watch?v=u0ZvfPzA3B0
JEE 2026 - 100 REPEATED QUES ON GRAPHS IN PHYSICS | Eduniti | Mohit Sir #11thChallenge|tWIQa3qUbPs|https://www.youtube.com/watch?v=tWIQa3qUbPs
TOP 30Q on Experiments by NTA - JEE 2026 | Guaranteed +8 MARKS | Eduniti #12thChallenge|WPOo4TH3L6E|https://www.youtube.com/watch?v=WPOo4TH3L6E
JEE 2027 - Modern Physics 7 Expected Ques🔥 | +8-12 Marks in Physics | Eduniti | Mohit Sir|MWJdpWvwhwc|https://www.youtube.com/watch?v=MWJdpWvwhwc
REVISE 4 Concepts in 1 QUES 🔥 | +4-8 Marks in Physics | HIGH WEIGHTAGE | Eduniti | Mohit Sir|2qGiA1vKwjg|https://www.youtube.com/watch?v=2qGiA1vKwjg
JEE 2027 - Gravitation 7 Expected Ques🔥 | +4 Marks in Physics | Eduniti | Mohit Sir|xF9ysyykedw|https://www.youtube.com/watch?v=xF9ysyykedw
JEE 2027 - Capacitors 7 Expected Ques🔥 | +4 Marks in Physics | Eduniti | Mohit Sir|qx-CMGn2ud4|https://www.youtube.com/watch?v=qx-CMGn2ud4
JEE 2027 - Electrostatics 7 Expected Ques (Part 1)🔥 | +4 to 8 Marks in Physics | Eduniti | Mohit Sir|gf75PPW10oI|https://www.youtube.com/watch?v=gf75PPW10oI
JEE 2027 - Alternating Current +4 Marks | 5 Sure Shot Ques️‍🔥 | Eduniti | Mohit Sir|H_9Pl8HeZ-o|https://www.youtube.com/watch?v=H_9Pl8HeZ-o
JEE 2027 - 7Q Sure Shot ️‍in Thermodynamics ️‍🔥 | ΔQ/ΔU/ΔW in GRAPHS | +4 Marks | Eduniti|IySVKH_OttE|https://www.youtube.com/watch?v=IySVKH_OttE
JEE 2027 - 5Q Sure Shot ️‍🔥 | Magnetic Effect of Current-Part 1 | +4 Marks in Physics | Eduniti|XBMDnZPLd90|https://www.youtube.com/watch?v=XBMDnZPLd90
Rank Decider - 1 Ques/7 Major Concepts Mechanics️‍🔥 | +4 Marks | IIT JEE | Eduniti|pg2FdPiWeCk|https://www.youtube.com/watch?v=pg2FdPiWeCk
JEE 2027 Binding Energy Concept+5Q in 20 Min | Fusion/Fission | Modern Physics | Eduniti|5Tb_8wHchbU|https://www.youtube.com/watch?v=5Tb_8wHchbU
Interference/YDSE Concepts & 5 Sure Shot Ques in 40 Min | Wave Optics | Eduniti | Mohit Sir|Wzi1hBDiyVo|https://www.youtube.com/watch?v=Wzi1hBDiyVo
Multiple Reflection/Refraction under 60 Sec️‍🔥 JEE 2027 | Ray Optics | +4 Marks | Eduniti|3Wmsf3lI73Y|https://www.youtube.com/watch?v=3Wmsf3lI73Y
Any Circuit problem in 30 Sec️‍🔥 JEE 2027 | Current Electricity & Capacitors | +4 Marks | Eduniti|ie81MM1V4mE|https://www.youtube.com/watch?v=ie81MM1V4mE
NLM Rank Decider +4 Marks Question | Integer Section | IITJEE | Eduniti | Mohit Sir|lKgWBOMWdVU|https://www.youtube.com/watch?v=lKgWBOMWdVU
JEE 2027 - Electric Dipoles 12 Ques in 20 Min️‍🔥 | +4 Marks | Electrostatics | Eduniti|NKO1Szf4otc|https://www.youtube.com/watch?v=NKO1Szf4otc
JEE 2027 - 10 CONCEPTS 6 CHAPTERS in 15 Min😲 | Pulley Block all CASES | Eduniti|t_2p18RSLXQ|https://www.youtube.com/watch?v=t_2p18RSLXQ
NTA's Question Source ️‍️‍🔥 Expect this in JEE 2025 | Eduniti|FgcJP6mg-Hg|https://www.youtube.com/watch?v=FgcJP6mg-Hg
50 Checkpoints for +95 Marks in Physics ️‍️‍🔥 JEE 2025 | Eduniti | Mohit Sir|kY0eXI1MaD4|https://www.youtube.com/watch?v=kY0eXI1MaD4
For those who score below 120 marks in JEE Tests #jee2025 Eduniti | Mohit Sir|zln9Bgfgvok|https://www.youtube.com/watch?v=zln9Bgfgvok
How She got 99.24%ile on Starting from DEC MONTH - A True incident of 2024 Aspirant|0YXJ9tzeou8|https://www.youtube.com/watch?v=0YXJ9tzeou8
JEE Main 2026 - Top 200 PYQs of 2024 | Physics | Eduniti | Mohit Sir #2ndChallenge|o60h6_9HM3s|https://www.youtube.com/watch?v=o60h6_9HM3s
JEE 2025 - 4 HABITS for FAST SYLLABUS Completion | 98 to 100%ile | Eduniti #latest|1Twk6iVzRIM|https://www.youtube.com/watch?v=1Twk6iVzRIM
JEE 2027: How to Study for 16 Hours/Day 🔥| 100% EFFECTIVE | Eduniti @mohitgoenka99|-_V7cFDPpYM|https://www.youtube.com/watch?v=-_V7cFDPpYM
IIT KANPUR Surprised JEE 2025 Aspirants | Update & CAUTION | Eduniti | Mohit Sir #3rdAttempt|vr3WMpprwyg|https://www.youtube.com/watch?v=vr3WMpprwyg
JEE Main 2025 Exam 22nd-31st Jan | Tips for Aspirants | Eduniti #Latest #NTA|l9sJXVUPNYE|https://www.youtube.com/watch?v=l9sJXVUPNYE
😲2019-20 LEVEL back for JEE 2025 | BIG SURPRISE | Eduniti | Mohit Sir #paperlevel|XZ0i3vnSDKY|https://www.youtube.com/watch?v=XZ0i3vnSDKY
JEE 2025 Impact on CUTOFF/Weightage/Preparation | NTA's Notice | Eduniti #latest|wGmXsWAUdys|https://www.youtube.com/watch?v=wGmXsWAUdys
5 Years Analysis | NTA's plan for JEE 2025 | 100 %ile | Eduniti | Mohit Sir|1gDPKe4aIbA|https://www.youtube.com/watch?v=1gDPKe4aIbA
🔴JEE 2026 - Average Aspirant with +99.7%ile , Cracked IIT Delhi also | Eduniti|msbyM0beCL4|https://www.youtube.com/watch?v=msbyM0beCL4
JEE 2025 Toughest competition of the history is waiting | 1st Talk Session | Eduniti | Mohit Sir|Yuc8IK1_GC4|https://www.youtube.com/watch?v=Yuc8IK1_GC4
Ultimate Comeback in JEE 2025 with +99%ile | 9 Key Points & Bumper Surprise | Eduniti|9GMspEIEk6Q|https://www.youtube.com/watch?v=9GMspEIEk6Q
JEE 2025 - 60 Marks from 10 Chapters | +1700 Ques PDF | Average to Topper | Physics | Eduniti|HaECAWs46ew|https://www.youtube.com/watch?v=HaECAWs46ew
JEE 2025 - Physics Syllabus | Which Topics to Skip | Eduniti | Mohit Sir|6v25extwOMo|https://www.youtube.com/watch?v=6v25extwOMo
JEE Main 2024 PYQs - EM Waves & Semiconductors | April Attempt | Eduniti | Mohit Sir|TTLFmsMajLU|https://www.youtube.com/watch?v=TTLFmsMajLU
JEE Main 2024 PYQs - Modern Physics | April Attempt | Eduniti | Mohit Sir|sNddGDmE0Wg|https://www.youtube.com/watch?v=sNddGDmE0Wg
JEE Main 2024 PYQs - Units Dimensions Errors & Vectors | April Attempt | Eduniti | Mohit Sir|0k8EM7a5kq8|https://www.youtube.com/watch?v=0k8EM7a5kq8
JEE Main 2024 PYQs - SHM Wave Motion & Thermal Properties | April Attempt | Eduniti | Mohit Sir|oUP3NfwRTDk|https://www.youtube.com/watch?v=oUP3NfwRTDk
JEE Main 2024 PYQs - Solids & Fluids | April Attempt | Eduniti | Mohit Sir|6EnpHqe7uos|https://www.youtube.com/watch?v=6EnpHqe7uos
JEE Main 2024 PYQs - Wave & Ray Optics | April Attempt | Eduniti | Mohit Sir|LAHZBBOGW9o|https://www.youtube.com/watch?v=LAHZBBOGW9o
JEE Main 2024 PYQs - EMI & AC | April Attempt | Eduniti | Mohit Sir|T_HFi-4C2YY|https://www.youtube.com/watch?v=T_HFi-4C2YY
JEE Main 2024 PYQs - KTG & Thermodynamics | April Attempt | Eduniti | Mohit Sir|5ricpAGgftY|https://www.youtube.com/watch?v=5ricpAGgftY
JEE Main 2024 PYQs - Moving Charges & MEC | April Attempt | Eduniti | Mohit Sir|Whu_YG5KCPU|https://www.youtube.com/watch?v=Whu_YG5KCPU
JEE Main 2024 PYQs - Current Electricity | April Attempt | Eduniti | Mohit Sir|Kcog1_CMR_I|https://www.youtube.com/watch?v=Kcog1_CMR_I
Eduniti Wishes a very Happy Independence to you all !|qjX6OeKNgQE|https://www.youtube.com/watch?v=qjX6OeKNgQE
JEE Main 2024 PYQs - Electrostatics & Capacitor | April Attempt | Eduniti | Mohit Sir|wpJ-oLHETR8|https://www.youtube.com/watch?v=wpJ-oLHETR8
JEE Main 2024 PYQs - Rotation & Gravitation | April Attempt | Eduniti | Mohit Sir|eWO4lS1UAOM|https://www.youtube.com/watch?v=eWO4lS1UAOM
JEE Main 2024 PYQs - WEP COM & Collision | April Attempt | Eduniti | Mohit Sir|NKZ7aVA67jM|https://www.youtube.com/watch?v=NKZ7aVA67jM
Save your JEE 2025 - Droppers & 12th Appearing | Final Call | Eduniti's Batch Tour|iKEYRzY3X4M|https://www.youtube.com/watch?v=iKEYRzY3X4M
JEE Main 2024 PYQs - Laws of Motion | April Attempt | Eduniti | Mohit Sir|yd06fnHs3-I|https://www.youtube.com/watch?v=yd06fnHs3-I
JEE Main 2024 PYQs - Kinematics | April Attempt | Eduniti | Mohit Sir|7c3jUtYR7t0|https://www.youtube.com/watch?v=7c3jUtYR7t0
JEE 2025 Mains & Advanced Details | Droppers & 12th Appearing | Physics Master Batch | Eduniti|01kyZWzfvro|https://www.youtube.com/watch?v=01kyZWzfvro
JEE Advanced 2024 Physics Detailed Analysis | Mohit Sir | Eduniti @mohitgoenka99|hf2g1iHN7sU|https://www.youtube.com/watch?v=hf2g1iHN7sU
JEE Advanced 2024 Final 7 Tips | Avoid these Mistakes | Mohit Sir | Eduniti @Eduniti - Physics by Mohit Goenka_IITKGP|lUruAyMF1Lw|https://www.youtube.com/watch?v=lUruAyMF1Lw
IAT 2022 Physics Solutions | IAT PYQs | IISER Aptitude Test | Eduniti | Mohit Sir|_UxmVrVx5h4|https://www.youtube.com/watch?v=_UxmVrVx5h4
JEE Advanced 2026 - Top 50 Questions | Complete Physics Revision | PYQs | Eduniti | Mohit Sir|7V73QCBlaBs|https://www.youtube.com/watch?v=7V73QCBlaBs
IAT 2021 Physics Solutions | IAT PYQs | IISER Aptitude Test | Eduniti | Mohit Sir|5-7LW_xqREg|https://www.youtube.com/watch?v=5-7LW_xqREg
JEE Advanced 2023 Solutions | Modern Physics Wave Motion U&D | 8 Questions| Eduniti | Mohit Sir|ifQdLtYo7b4|https://www.youtube.com/watch?v=ifQdLtYo7b4
JEE Advanced 2023 Solutions | Thermodynamics & Thermal Properties | 5 Questions| Eduniti | Mohit Sir|Q5uI7dx3gk8|https://www.youtube.com/watch?v=Q5uI7dx3gk8
JEE Advanced 2023 Solutions | Optics & EM Waves | 5 Questions | Advanced PYQs | Eduniti | Mohit Sir|QR_njlejZJY|https://www.youtube.com/watch?v=QR_njlejZJY
JEE Advanced 2023 Solutions | Mechanics | 8 Questions | Advanced PYQs | Eduniti | Mohit Sir|xhiSeITz_AA|https://www.youtube.com/watch?v=xhiSeITz_AA
JEE Advanced 2023 Solutions | Electrodynamics | 6 Questions | Advanced PYQs | Eduniti | Mohit Sir|9Yh6xBviGU0|https://www.youtube.com/watch?v=9Yh6xBviGU0
Final Call for JEE Advanced 2024 | Physics Batch 2 | Eduniti | Mohit Sir|Kw6qkcJK3Kw|https://www.youtube.com/watch?v=Kw6qkcJK3Kw
JEE Main 2024 Results के बाद अब क्या ? | Cutoff Cleared/Not Cleared | Eduniti | Mohit Sir|nDVKuTD0lnM|https://www.youtube.com/watch?v=nDVKuTD0lnM
JEE 2024 Final Answer Key Blunder | What NTA/JAB did is Unfair | April Attempt | Eduniti | Mohit Sir|KA5fVFr8r24|https://www.youtube.com/watch?v=KA5fVFr8r24
JEE 2024 April Attempt Bonus/Incorrect/Dropped Questions | Physics | Eduniti | Mohit Sir|kOmhGdFW1JQ|https://www.youtube.com/watch?v=kOmhGdFW1JQ
JEE 2024 April Attempt Answer Key is Out ! | Eduniti | Mohit Sir|hKKWK-UnFzs|https://www.youtube.com/watch?v=hKKWK-UnFzs
What after JEE Main 2024 | JEE Advanced/BITSAT/WBJEE | Eduniti | Mohit Sir|gwGo0eBI5CE|https://www.youtube.com/watch?v=gwGo0eBI5CE
JEE 2024 5 Urgent Tips for 5th-9th April | Day 1 Report | Eduniti | Mohit Sir|iMhcfaYbOR4|https://www.youtube.com/watch?v=iMhcfaYbOR4
JEE 2024 4th April Shift 1 90 Sec Review | Eduniti | Mohit Sir #Latest|1FIthBJ0zw0|https://www.youtube.com/watch?v=1FIthBJ0zw0
JEE 2024 Final Checklist | 4th-9th April | 99 to 100%ile🔥 | Eduniti | Mohit Sir|naE6ysC9o30|https://www.youtube.com/watch?v=naE6ysC9o30
JEE 2024 3 Tips to gain 8-12 Marks April Attempt | Effective Solution | Eduniti | Mohit Sir|yRZH48GIZSM|https://www.youtube.com/watch?v=yRZH48GIZSM
JEE 2024 72 Hrs Only ! | Are you doing it right | 2nd Attempt | Eduniti | Mohit Sir #truepotential|Al_UGf_wbRY|https://www.youtube.com/watch?v=Al_UGf_wbRY
JEE 2024 Save Your 2nd Attempt | 5 Points for 100% Output | Attention | Eduniti | Mohit Sir|ygj2iEwOO48|https://www.youtube.com/watch?v=ygj2iEwOO48
JEE 2024 25 Ques on Experiments & Instruments | NTA's Repeated Pattern | April Attempt | Eduniti|5cczRsQ0HKc|https://www.youtube.com/watch?v=5cczRsQ0HKc
JEE 2024 Grow from 40 Marks😔 to 90 Marks😃 in April Attempt | Physics | Eduniti | Mohit Sir|CQq64J1LdxQ|https://www.youtube.com/watch?v=CQq64J1LdxQ
JEE 2024 - 7 Points for April Attempt | Change the Game in Last Days | Eduniti | Mohit Sir|tQJrqLP_rx0|https://www.youtube.com/watch?v=tQJrqLP_rx0
JEE 2024 2nd Attempt 15 Days Checklist | 80 to 100 Marks in Physics | Eduniti | Mohit Sir|A0Jy30LwWpU|https://www.youtube.com/watch?v=A0Jy30LwWpU
JEE 2024 Only 30 Days to Go ! Its difficult but you have to..#2ndattempt Eduniti | Mohit Sir|4c98KE_bRuQ|https://www.youtube.com/watch?v=4c98KE_bRuQ
JEE 2024 - Target Marks for 2nd Attempt | Are Official Data True ? | Eduniti|ADUYvSZTIlo|https://www.youtube.com/watch?v=ADUYvSZTIlo
JEE Main 2024 1st Attempt Results | Eduniti|iX6my7cvOBg|https://www.youtube.com/watch?v=iX6my7cvOBg
JEE 2024 Final Key - Important Changes/Drop | Physics |  Eduniti|rp8Ac-6s7Fs|https://www.youtube.com/watch?v=rp8Ac-6s7Fs
🙏 A Request to NTA/JAB | JEE 2024 1st Attempt | +21 ERRORS | Physics | Eduniti|4JmLma69B60|https://www.youtube.com/watch?v=4JmLma69B60
JEE 2024 - Low Marks in 1st Attempt | Eduniti | Mohit Sir #talksession|pjSxal3OovI|https://www.youtube.com/watch?v=pjSxal3OovI
JEE 2024 Update for April Attempt by Eduniti | Physics #100marks|wURZGixpux8|https://www.youtube.com/watch?v=wURZGixpux8
JEE 2024 Jan attempt ruined ! | 2nd Attempt/JEE Advanced/Boards | Eduniti | Mohit Sir|HKrnRultHng|https://www.youtube.com/watch?v=HKrnRultHng
JEE 2024 - NTA's Update on 2nd Attempt | Registration | Eduniti | Mohit Sir|p2Lq7YhjiC8|https://www.youtube.com/watch?v=p2Lq7YhjiC8
JEE 2024 - NTA's Physics Trend | 30, 31 & 1st Feb | Eduniti | Mohit Sir|5-yeC4MH8dQ|https://www.youtube.com/watch?v=5-yeC4MH8dQ
JEE 2024 - Tips for 29th-1st Feb | Opportunity to Peak🔥 | Physics | Eduniti | Mohit Sir|zRL1JpUkb5o|https://www.youtube.com/watch?v=zRL1JpUkb5o
JEE 2024 Spherometer Question in 27th Jan Shift 1 | How to Answer it ? | Eduniti | Mohit Sir|UTVvyRgR5zY|https://www.youtube.com/watch?v=UTVvyRgR5zY
JEE 2024 - Must Know Tips for 27th-1st Feb Aspirants | 2 Days to Go | Eduniti | Mohit Sir|m8jMDHMht0w|https://www.youtube.com/watch?v=m8jMDHMht0w
JEE 2024 - A Graphical Approach in WEP | 4 Marks Concept Booster | Eduniti | Mohit Sir|VrjNqKoBIcc|https://www.youtube.com/watch?v=VrjNqKoBIcc
JEE 2024 Advanced City Intimation / Your Exam Dates OUT ! Eduniti | Mohit Sir #10dayschallenge|_bDz7SEluTw|https://www.youtube.com/watch?v=_bDz7SEluTw
JEE Main 2026 - Top 100 PYQs of 2020 | Physics | Eduniti | Mohit Sir #6thChallenge|TDD2Ww5sV5A|https://www.youtube.com/watch?v=TDD2Ww5sV5A
JEE 2024 97 to 99%ile | Important Chapters/NCERT/Most Easy Input | Physics | Eduniti | Mohit Sir|PjIEoOydAfg|https://www.youtube.com/watch?v=PjIEoOydAfg
JEE 2025 - 7 Mistakes in Physics Part 2 | Miss किया तो -1 | Eduniti | Mohit Sir|YZN32v3yyMI|https://www.youtube.com/watch?v=YZN32v3yyMI
JEE 2024 - Blunders in JEE Main Actual Paper⚠️| Must Watch | Eduniti | Mohit Sir|pMUliZDz5D8|https://www.youtube.com/watch?v=pMUliZDz5D8
IIT JEE - This Girl went from 40 to 75 Marks😲 in Physics in Exam Hall | Eduniti | Mohit Sir|LKg_tCToUdA|https://www.youtube.com/watch?v=LKg_tCToUdA
JEE Main 2026 - 9 Blunders in Physics Part 1 | ⚠️Be Aware of them | Eduniti | Mohit Sir|bY4FJFGoRiE|https://www.youtube.com/watch?v=bY4FJFGoRiE
डरो मत सुनो ! Crack 1st Attempt JEE Main 2024 | 5 Concerns | 20 Days | Eduniti | Mohit Sir|qu4wAOfEGYE|https://www.youtube.com/watch?v=qu4wAOfEGYE
Final 20 Days BLUEPRINT for JEE Main 2024 | Ordinary to Extra-Ordinary🔥 | Eduniti | Mohit Sir|MWOGKPRgFx0|https://www.youtube.com/watch?v=MWOGKPRgFx0
JEE Main 2026 - Top 200 PYQs of 2021 | Physics | Eduniti | Mohit Sir #5thChallenge|_pEArEJQdcw|https://www.youtube.com/watch?v=_pEArEJQdcw
JEE Main 2024 | 4th CHALLENGE💥 #99percentile #eduniti|S31B3dlLn04|https://www.youtube.com/watch?v=S31B3dlLn04
JEE 2024 -16 Marks in 16 Hrs😲 | Rank 1 Chapter | Physics | Eduniti @mohitgoenka99|FzrCo55KAnk|https://www.youtube.com/watch?v=FzrCo55KAnk
JEE 2024 -5 Reality Checks in 7 Min | You can CRACK it ! | Eduniti | Mohit Sir @mohitgoenka99|Q2Uv_UQA_l4|https://www.youtube.com/watch?v=Q2Uv_UQA_l4
JEE Main 2024 : NTA REMOVED 😱19 Topics | Physics | Eduniti | Mohit Sir  #latest|GU3CL3SuseI|https://www.youtube.com/watch?v=GU3CL3SuseI
🔴JEE Main 2024 - NEXT 40 DAYS | Take Tough Decisions | Eduniti | Mohit Sir|6jUDHWg-dGE|https://www.youtube.com/watch?v=6jUDHWg-dGE
JEE Main 2024 - Rank Booster in 22 Days | Jan Attempt | Physics | Eduniti|o1U7rB1sTTA|https://www.youtube.com/watch?v=o1U7rB1sTTA
JEE 2024 DON'T QUIT ! A Must 7 Min Session | Eduniti | Mohit Sir|jK-aSd0rG8k|https://www.youtube.com/watch?v=jK-aSd0rG8k
🔴JEE Main 2024 72% Paper Predicted  | Jan Attempt | Physics | Eduniti | Mohit Sir|F_BLsQf6ZYY|https://www.youtube.com/watch?v=F_BLsQf6ZYY
JEE 2024 - TRAP in a Paper ! | 100% Efficient Strategy | Jan Attempt | Eduniti | Mohit Sir|FOPIxNUs2GM|https://www.youtube.com/watch?v=FOPIxNUs2GM
JEE Main 2026 - 141 Theoretical PYQs | Physics | Eduniti | Mohit Sir #7thChallenge|ZL_IUY4RUiA|https://www.youtube.com/watch?v=ZL_IUY4RUiA
JEE Main 2026 - Top 200 PYQs of 2023 | Physics | Eduniti | Mohit Sir #1stChallenge|i5FAg5Nmito|https://www.youtube.com/watch?v=i5FAg5Nmito
JEE 2024 - BLUNT Talk for Jan Attempt | Just 50 Days to Go! | Eduniti | Mohit Sir|c5GR3oK4nz8|https://www.youtube.com/watch?v=c5GR3oK4nz8
JEE 2024 - Latest update by NTA | Correction Window | Eduniti | Mohit Sir|zMkOLqHhyaQ|https://www.youtube.com/watch?v=zMkOLqHhyaQ
Any Surprises in JEE Advanced 2024 Syllabus | Official Update | Eduniti | Mohit Sir|UuXMiOXxLu0|https://www.youtube.com/watch?v=UuXMiOXxLu0
JEE 2024 - 2 Months में दिन रात एक करदो | 7 Min of Reality Check | Eduniti | Mohit Sir|BKysz7g7__Y|https://www.youtube.com/watch?v=BKysz7g7__Y
JEE 2024 - Priority B Chapters | PYQs as per Reduced Syllabus | Physics | Eduniti | Mohit Sir|B-7G19ki_JU|https://www.youtube.com/watch?v=B-7G19ki_JU
JEE 2024 : Blunder in Application | Correction Window ? | Eduniti | #ntaofficial #latest|43xsxTNtWac|https://www.youtube.com/watch?v=43xsxTNtWac
Travelling Microscope Experiment | Concept + PYQs | Physics | Eduniti | Mohit Sir|ca4Pv-R6lx8|https://www.youtube.com/watch?v=ca4Pv-R6lx8
JEE 2024: Confirm 8-16 Marks | Must do 13 Experiments | Physics | Eduniti | Mohit Sir|0mdRGt2SGnU|https://www.youtube.com/watch?v=0mdRGt2SGnU
JEE Main 2024 - Change in Weightage😲 | Impact of Reduced Syllabus | Physics | Eduniti #latest|UWQiBIC1gwA|https://www.youtube.com/watch?v=UWQiBIC1gwA
JEE 2024 - PYQs List as per Reduced Syllabus | Priority A Chapters | Physics | Eduniti | Mohit Sir|02Xw7rqUPZA|https://www.youtube.com/watch?v=02Xw7rqUPZA
🔴JEE 2024 -True Analysis of Reduced Syllabus | Physics | Must Watch | Eduniti #Latest|ISP9dQCqJtM|https://www.youtube.com/watch?v=ISP9dQCqJtM
JEE 2024 - 13 Topics REMOVED 😱 from Syllabus | Physics | Impact on Advanced | Eduniti #Latest|YGR_i7qxTmg|https://www.youtube.com/watch?v=YGR_i7qxTmg
JEE Main 2024 - Syllabus & Registration Latest Update by NTA | Eduniti | Mohit Sir|4o9J98sGOOc|https://www.youtube.com/watch?v=4o9J98sGOOc
JEE 2024 - Paper Pattern बदल गया तो😲 | 5 Relatable Points | Eduniti | Mohit Sir #selfconfidence|6klYDSrRU-A|https://www.youtube.com/watch?v=6klYDSrRU-A
JEE Main 2024: Sub-Topic Weightage Analysis of 3 Years | 90 Marks | Physics | Eduniti | Mohit Sir|v8dGUQjbgNE|https://www.youtube.com/watch?v=v8dGUQjbgNE
JEE 2024 - 3 Revision Tips in 3 Min | Go Closer to 99%ile  Eduniti | Mohit Sir|tYp5eBI1Qzg|https://www.youtube.com/watch?v=tYp5eBI1Qzg
JEE 2024 - Important NCERT Chapters in Physics | Boost upto 16 Marks | Eduniti | Mohit Sir|iCU2T9Ae5MM|https://www.youtube.com/watch?v=iCU2T9Ae5MM
How & Why to Crack JEE 2024 in 1st Attempt 🔥 | Must Follow Advices | Eduniti | Mohit Sir|AUmye2mCcF4|https://www.youtube.com/watch?v=AUmye2mCcF4
JEE 2024 - Can I cross 99%ile in 1st Attempt | Eduniti | Mohit Sir|Ubf-3ziDn6c|https://www.youtube.com/watch?v=Ubf-3ziDn6c
Modern Physics April Attempt - JEE Main 2023 | Physics PYQs | Eduniti | Mohit Sir|EKrcQW96j_0|https://www.youtube.com/watch?v=EKrcQW96j_0
Communication & Semiconductors April Attempt - JEE Main 2023 | Physics PYQs | Eduniti | Mohit Sir|uqx6yF3-DkM|https://www.youtube.com/watch?v=uqx6yF3-DkM
Wave Optics & EM Waves April Attempt - JEE Main 2023 | Physics PYQs | Eduniti | Mohit Sir|Udyir2FQI74|https://www.youtube.com/watch?v=Udyir2FQI74
Ray Optics April Attempt - JEE Main 2023 | Physics PYQs | Eduniti | Mohit Sir|taFAHzfU6fM|https://www.youtube.com/watch?v=taFAHzfU6fM
JEE Main 2024 Official Notice by NTA 🔥 | Now What !! | Eduniti|gd8mdNwY0UU|https://www.youtube.com/watch?v=gd8mdNwY0UU
U&D, Errors - Thermal Properties April Attempt - JEE Main 2023 | Physics PYQs | Eduniti | Mohit Sir|FfbNzXR8AeA|https://www.youtube.com/watch?v=FfbNzXR8AeA
SHM & Wave Motion April Attempt - JEE Main 2023 | Physics PYQs | Eduniti | Mohit Sir|cLhrH7l0mro|https://www.youtube.com/watch?v=cLhrH7l0mro
KTG & Thermodynamics April Attempt - JEE Main 2023 | Physics PYQs | Eduniti | Mohit Sir|Srn9CI03_Tk|https://www.youtube.com/watch?v=Srn9CI03_Tk
EMI & AC April Attempt - JEE Main 2023 | Physics PYQs | Eduniti | Mohit Sir|CDd_vm9LL18|https://www.youtube.com/watch?v=CDd_vm9LL18
Solids & Fluids April Attempt - JEE Main 2023 | Physics PYQs | Eduniti | Mohit Sir|bhtqzEqEA00|https://www.youtube.com/watch?v=bhtqzEqEA00
Moving Charges & MEC April Attempt - JEE Main 2023 | Physics PYQs | Eduniti | Mohit Sir|AqrG_LildGg|https://www.youtube.com/watch?v=AqrG_LildGg
Current Electricity April Attempt - JEE Main 2023 | Physics PYQs | Eduniti | Mohit Sir|x0CvlMRm63w|https://www.youtube.com/watch?v=x0CvlMRm63w
Capacitors April Attempt - JEE Main 2023 | Physics PYQs | Eduniti | Mohit Sir|VMsfQXGJMG0|https://www.youtube.com/watch?v=VMsfQXGJMG0
Electrostatics April Attempt - JEE Main 2023 | Physics PYQs | Eduniti | Mohit Sir|KGDpnxvgaKU|https://www.youtube.com/watch?v=KGDpnxvgaKU
Gravitation April Attempt - JEE Main 2023 | Physics PYQs | Eduniti | Mohit Sir|vYMxP0NfJfc|https://www.youtube.com/watch?v=vYMxP0NfJfc
JEE 2024 - No Teacher tells you this ! Steps to Overcome it #eduniti #mentorship #iitjee|0uU72f_Ah_k|https://www.youtube.com/watch?v=0uU72f_Ah_k
COM & Rotation April Attempt - JEE Main 2023 | Physics PYQs | Eduniti | Mohit Sir|AtGYL4a5n2M|https://www.youtube.com/watch?v=AtGYL4a5n2M
JEE 2024🔥 will be DIFFICULT for 8 Reasons !|5muU_j1HluM|https://www.youtube.com/watch?v=5muU_j1HluM
NLM-WEP & Circular Motion April Attempt - JEE Main 2023 | Physics PYQs | Eduniti | Mohit Sir|zjBRv6zqCt0|https://www.youtube.com/watch?v=zjBRv6zqCt0
Kinematics April Attempt Solutions of JEE Main 2023 | Physics PYQs | Eduniti | Mohit Sir|U7dma3JlJMg|https://www.youtube.com/watch?v=U7dma3JlJMg
JEE 2024 - A step Closer to 99%ile #announcement #eduniti #physics|-vCjm1Bp8Bc|https://www.youtube.com/watch?v=-vCjm1Bp8Bc
JEE 2024 - Its a Harsh Reality !|4w-e7AwJTLQ|https://www.youtube.com/watch?v=4w-e7AwJTLQ
JEE 2024 - Don't ignore these 9 Questions ! #eduniti #mentorship|nIESxniV1y0|https://www.youtube.com/watch?v=nIESxniV1y0
Is NTA Killing JEE Main Paper Level ! #jeemain2024 #papertrend #99percentile|Jno8rcyxlSY|https://www.youtube.com/watch?v=Jno8rcyxlSY
JEE 2024 - 3 Issues of 12th & Droppers Students | 5 Min talk by Mohit Sir | Eduniti|WaPd8gAvyik|https://www.youtube.com/watch?v=WaPd8gAvyik
JEE 2024 - A Short talk by Mohit Sir | 12th & Droppers Must Watch | Eduniti|9Ynd9xv0ld0|https://www.youtube.com/watch?v=9Ynd9xv0ld0
REGRET ! - An advice to JEE 2023 & 2024 aspirants | Mohit Sir | Eduniti|bznFLRMT0ds|https://www.youtube.com/watch?v=bznFLRMT0ds
JEE Adv 2023 Official Paper Analysis | Physics Review | Is Paper tough ? | Eduniti #latest|uVFNcZdkWzg|https://www.youtube.com/watch?v=uVFNcZdkWzg
My IIT JEE Exam Day in 2010 - 6hrs in 6 min #learn_like_never_before|a9NQNoVBDA8|https://www.youtube.com/watch?v=a9NQNoVBDA8
JEE Adv 2026 - Damped Oscillation in 17 Min | New topic | Concept/Solved ex | Eduniti | Mohit Sir|SRCyWY5mp5g|https://www.youtube.com/watch?v=SRCyWY5mp5g
JEE Advanced 2023 - Final Checklist | Last week | No one Can Miss it | Eduniti | Mohit Sir|wIImHCLrtCs|https://www.youtube.com/watch?v=wIImHCLrtCs
JEE Adv 2025 - RLC with d.c. Source in 20 Min | New topic | Concept/Solved ex | Eduniti | Mohit Sir|FaOQH6Cbi1U|https://www.youtube.com/watch?v=FaOQH6Cbi1U
JEE Advanced 2023 - Change in Paper Pattern | %age Easy Ques | Eduniti #Latest|_QJfbdjhe1k|https://www.youtube.com/watch?v=_QJfbdjhe1k
JEE Advanced Physics PYQs | ALTERNATING CURRENT | 2013 to 2022 | Eduniti | Mohit Sir|_-4hUqyQEtA|https://www.youtube.com/watch?v=_-4hUqyQEtA
JEE Advanced Physics PYQs | WAVE MOTION | 2017 to 2022 | Eduniti | Mohit Sir|At2ir-mXCUo|https://www.youtube.com/watch?v=At2ir-mXCUo
JEE Adv 2026 - Ultimate Paper Attempting Rule | Eduniti | Mohit Sir|flFobnQkuuE|https://www.youtube.com/watch?v=flFobnQkuuE
JEE Adv 2023 - 8 Pointers for last 10 Days | Must Follow | Eduniti | Mohit Sir|xQmqMMC6v3g|https://www.youtube.com/watch?v=xQmqMMC6v3g
JEE Advanced Physics PYQs | FLUID MECHANICS | 2020 to 2022 | Eduniti | Mohit Sir|GzbnMj8TY0o|https://www.youtube.com/watch?v=GzbnMj8TY0o
JEE Advanced 2023 - Official Notification from IIT Guwahati | Eduniti | Mohit Sir|a4l3gi5MXog|https://www.youtube.com/watch?v=a4l3gi5MXog
New NCERT Syllabus Impact on JEE 2024 & NEET 2024 | Eduniti | Mohit Sir|fAHIpCRtXo0|https://www.youtube.com/watch?v=fAHIpCRtXo0
Is it Toughest Question of JEE Advanced 2022 ? | Fluid Mechanics + Thermo | Eduniti | Mohit Sir|lnYs4Tc1Aog|https://www.youtube.com/watch?v=lnYs4Tc1Aog
JEE Advanced Physics PYQs | U&D/Errors/Gravitation | 2021 to 2022 | Eduniti | Mohit Sir|sDwnqdu4mW8|https://www.youtube.com/watch?v=sDwnqdu4mW8
JEE Advanced Physics PYQs | WEP/COM/SHM | 2017 to 2022 | Eduniti | Mohit Sir|eKsCSO-X9AI|https://www.youtube.com/watch?v=eKsCSO-X9AI
JEE Advanced Physics PYQs | MODERN PHYSICS | 2021 to 2022 | Eduniti | Mohit Sir|2jGCvbiBvYQ|https://www.youtube.com/watch?v=2jGCvbiBvYQ
JEE Advanced Physics PYQs | RAY OPTICS | 2021 to 2022 | Eduniti | Mohit Sir|Cvnsf3WmsNI|https://www.youtube.com/watch?v=Cvnsf3WmsNI
JEE Advanced Physics PYQs | ROTATION | 2021 to 2022 | Eduniti | Mohit Sir|u-WQ1iKDz_0|https://www.youtube.com/watch?v=u-WQ1iKDz_0
Sir I Feel Like Giving Up ! #jeeadvanced2023 #bitsat2023|JuoqoH78HoA|https://www.youtube.com/watch?v=JuoqoH78HoA
JEE Advanced Physics PYQs | CAPACITORS | 2017 to 2022 | Eduniti | Mohit Sir|JAsMJF4lUXk|https://www.youtube.com/watch?v=JAsMJF4lUXk
JEE Advanced Physics PYQs | EMI | 2018 to 2022 | Eduniti | Mohit Sir|3BD7_W2DSJA|https://www.youtube.com/watch?v=3BD7_W2DSJA
After JEE Main 2023 Results ! | Talk by Mohit Sir | Eduniti|FuhYJESrsS0|https://www.youtube.com/watch?v=FuhYJESrsS0
JEE Main 2023 Final Results Out | Cutoffs category wise | Eduniti | Mohit Sir|uOSS8-5ch5s|https://www.youtube.com/watch?v=uOSS8-5ch5s
JEE Advanced Physics PYQs | Moving Charges & MEC | 2018 to 2022 | Eduniti | Mohit Sir|q4iszPI4Y8I|https://www.youtube.com/watch?v=q4iszPI4Y8I
JEE Advanced Physics PYQs | Thermodynamics & Thermal Prop 2021 to 2022 | Eduniti | Mohit Sir|G9w_aSQcgjs|https://www.youtube.com/watch?v=G9w_aSQcgjs
JEE Advanced Physics PYQs | Current Electricity 2021 to 2022 | Eduniti | Mohit Sir|K1tnN9a9uKg|https://www.youtube.com/watch?v=K1tnN9a9uKg
JEE Advanced Physics PYQs | Electrostatics 2021 to 2022 | Eduniti | Mohit Sir|bPgLsgGgyVQ|https://www.youtube.com/watch?v=bPgLsgGgyVQ
JEE 2023 April Attempt -  More Mistakes & Bonus Questions | Physics | Mohit Sir | Eduniti|YAfAC_Hz-NQ|https://www.youtube.com/watch?v=YAfAC_Hz-NQ
JEE 2023 April -  Bonus Questions in Physics | Part 1 | Don't Challenge These| Mohit Sir | Eduniti|wSJthfmLWpw|https://www.youtube.com/watch?v=wSJthfmLWpw
JEE Advanced Physics PYQs | Kinematics 2018 to 2022 | Eduniti | Mohit Sir|IBntQx9qSCI|https://www.youtube.com/watch?v=IBntQx9qSCI
JEE 2023 - Chapterwise Analysis of 6th & 8th April | 4 Papers Trend | Must for 10th-15th | Eduniti|fHsVCq2yh_Q|https://www.youtube.com/watch?v=fHsVCq2yh_Q
JEE 2023 - Most ignored concept asked on 6th Shift 1 | 8th-15th April | Mohit Sir | Eduniti|dPVPafDj2aU|https://www.youtube.com/watch?v=dPVPafDj2aU
JEE 2023 - Exam on 6th & 8th April ? Must Listen✔️ | Others also Comment | Eduniti | Mohit Sir|XwIuXSeuY8o|https://www.youtube.com/watch?v=XwIuXSeuY8o
JEE 2023 - Expected Paper Level & Pattern🔥 | 6th to 15th April | Eduniti | Mohit Sir|LRyf0rVIheY|https://www.youtube.com/watch?v=LRyf0rVIheY
JEE 2023: 7 Days Journey based on True Events | Physics | Eduniti #2ndattempt #Confidence|TDxgMn5NLig|https://www.youtube.com/watch?v=TDxgMn5NLig
JEE 2023 April Attempt- 44 Theoretical Ques in Physics | %ile Booster | Eduniti | Mohit Sir|BOIAUt_Zitw|https://www.youtube.com/watch?v=BOIAUt_Zitw
JEE 2023 April Attempt- Top 100 PYQs | Physics | Eduniti | Mohit Sir #99to100percentile|muzfefEybgY|https://www.youtube.com/watch?v=muzfefEybgY
JEE 2023 April Attempt - Closer to 99%ile 🔥 | Rigorous Practice in 15 days | Physics | Eduniti|ebKV3G9135k|https://www.youtube.com/watch?v=ebKV3G9135k
JEE 2023 April Attempt - 20 Days Checklist | Effective for 99%ile | Physics | Eduniti | Mohit Sir|KFJ2N09Wito|https://www.youtube.com/watch?v=KFJ2N09Wito
JEE 2023: +80 Marks in Physics - An Eye Opener ! | 2nd Attempt | JEE vs Boards | Eduniti | Mohit Sir|SQhDWxc_Vj8|https://www.youtube.com/watch?v=SQhDWxc_Vj8
JEE 2023 - A Must watch for Droppers & Boards Appearing Student 🔥 | Eduniti | Mohit Sir|9MHANDQqKGo|https://www.youtube.com/watch?v=9MHANDQqKGo
JEE Main 2023 PYQs - Modern Physics | Jan Attempt | Eduniti | Mohit Sir|VHXuyzh92QM|https://www.youtube.com/watch?v=VHXuyzh92QM
1st attempt Low %ile - Give up your NIT/IIT Goal | Eduniti #jee2023 #motivational|s2O6rwIO4HQ|https://www.youtube.com/watch?v=s2O6rwIO4HQ
JEE Advanced 2023 - Physics Decoded | Detailed Analysis | Rank vs Marks | Important Topics | Eduniti|xIOO-xKYEHc|https://www.youtube.com/watch?v=xIOO-xKYEHc
JEE 2023 - 29th Jan Shift 1 Quick Review | Any Major Change ? | Eduniti | Mohit Sir #Proud_of_you|zqrWqhRvjKk|https://www.youtube.com/watch?v=zqrWqhRvjKk
29th-1st Feb Must Listen | JEE Main 2023 | Eduniti | Mohit Sir #You_Never_Loose|U_DutVCvQgE|https://www.youtube.com/watch?v=U_DutVCvQgE
JEE Main 2023 - 24th Jan S2 90sec Review | Advice for 25th & Onwards | Eduniti | Mohit Sir|bPr9MUU5T5o|https://www.youtube.com/watch?v=bPr9MUU5T5o
NPN Transistors Questions 😲 | +4 Marks | Semiconductors | Eduniti | Mohit Sir|40crFebfUCc|https://www.youtube.com/watch?v=40crFebfUCc
JEE Main 2024 - 5 Mock Test in 5 hrs | Most Relevant Paper #3rdChallenge by Mohit Sir | Physics|cw2qzq1DeQY|https://www.youtube.com/watch?v=cw2qzq1DeQY
JEE Main 2026 - Top 200 PYQs of 2022 | Physics | Eduniti | Mohit Sir #3rdChallenge|wkoTtlQ7T-I|https://www.youtube.com/watch?v=wkoTtlQ7T-I
Modern Physics - 3 Graphs in Photoelectric | +4 Marks | Modern Physics | Eduniti | Mohit Sir|sYlY99YKZ78|https://www.youtube.com/watch?v=sYlY99YKZ78
JEE Main 2027 - Variable Mass Density😲 | +4 Marks | Gravitation | Eduniti | Mohit Sir|mK7q1zU_VC0|https://www.youtube.com/watch?v=mK7q1zU_VC0
JEE Main 2027 - When to use SELF ENERGY | +4 Marks | Electrostatics | Eduniti | Mohit Sir|gklKeWPenCs|https://www.youtube.com/watch?v=gklKeWPenCs
JEE Main 2027 - Trick for Charged ARC😲 | +4 Marks in 2 Min | Electrostatics | Eduniti | Mohit Sir|cwKFey3NLV8|https://www.youtube.com/watch?v=cwKFey3NLV8
😊 90 Sec Message for 2023 by Mohit Sir | Eduniti|dAvJeRtWzXc|https://www.youtube.com/watch?v=dAvJeRtWzXc
JEE Main 2027 - B due to Solid/Hollow Wire 😲 | +4 Marks | Magnetic Effect of Current | Eduniti|0JnfmHRYmPM|https://www.youtube.com/watch?v=0JnfmHRYmPM
JEE Main 2027 - Diagonal Dielectric in Capacitor😲 | +4 Marks | Capacitors | Eduniti | Mohit Sir|oua1nH4ZWj0|https://www.youtube.com/watch?v=oua1nH4ZWj0
JEE Main 2027 - All Cavity cases in 5 min😲 | +4 Marks | Electrostatics | Eduniti | Mohit Sir|JeUgWoJ0Js0|https://www.youtube.com/watch?v=JeUgWoJ0Js0
JEE Main 2023 - All July 2022 Official Papers in Test Format | Eduniti | Mohit Sir|0JfQrySjwAU|https://www.youtube.com/watch?v=0JfQrySjwAU
JEE Main 2027 - 3 Concepts in 1 Question🔥 | +4 Marks in Physics | Eduniti|RqqXmEYy-yE|https://www.youtube.com/watch?v=RqqXmEYy-yE
JEE 2025 - Clarity in Zero Error | Vernier & Screw Gauge | 1 Page Formulae | Eduniti | Mohit Sir|O27z5v1F8Xs|https://www.youtube.com/watch?v=O27z5v1F8Xs
JEE Main 2025 - 2 Page Formulae Sheet | Revise Modern Physics in 5 min | Eduniti | Mohit Sir|3SrwCpagLAs|https://www.youtube.com/watch?v=3SrwCpagLAs
JEE 2026 - Sonometer Experiment | Concept & PYQs | Eduniti | Mohit Sir|rmRTp12BhSU|https://www.youtube.com/watch?v=rmRTp12BhSU
JEE Main 2023 - Revise 5 Physics Concepts through 1 PYQ of 2019 Mains | Eduniti | Mohit Sir|kVIlBzy-5tM|https://www.youtube.com/watch?v=kVIlBzy-5tM
JEE Main 2023 - Best Mock Test for 1st Attempt❓ Advice by Mohit Sir 🎯 | Eduniti|SCJXPRdByWU|https://www.youtube.com/watch?v=SCJXPRdByWU
Damped LCR Oscillation question of JEE Main 2015  ! Try This | Mohit Sir | Eduniti|DXckixKa3CA|https://www.youtube.com/watch?v=DXckixKa3CA
Thermal Properties | JEE Main 2020 Solution | JEE Physics | PYQs | Mohit Sir | Eduniti|aLUmjtOpKnk|https://www.youtube.com/watch?v=aLUmjtOpKnk
EM Waves | JEE Main 2020 Solution | JEE Physics | PYQs | Mohit Sir | Eduniti|h_bfpzxS_zE|https://www.youtube.com/watch?v=h_bfpzxS_zE
Alternating Current | JEE Main 2020 Solution | JEE Physics | PYQs | Mohit Sir | Eduniti|3FETmqo8Zgs|https://www.youtube.com/watch?v=3FETmqo8Zgs
Simple Harmonic Motion | JEE Main 2020 Solution | JEE Physics | PYQs | Mohit Sir | Eduniti|_vNVjWyqduQ|https://www.youtube.com/watch?v=_vNVjWyqduQ
JEE 2023 - NCERT Booster Series | Semiconductors | Line to Line | Eduniti | Mohit Sir|MGPYHNBM8iA|https://www.youtube.com/watch?v=MGPYHNBM8iA
KTG & Thermodynamics | JEE Main 2020 Solution | JEE Physics | PYQs | Mohit Sir | Eduniti|8kB4KIURPQc|https://www.youtube.com/watch?v=8kB4KIURPQc
JEE 2023 - NCERT Booster Series | Modern Physics | Line to Line | Eduniti | Mohit Sir|XOQ5XN5YfHA|https://www.youtube.com/watch?v=XOQ5XN5YfHA
Current Electricity | JEE Main 2020 Solution | JEE Physics | PYQs | Mohit Sir | Eduniti|1HJaCKzwNNg|https://www.youtube.com/watch?v=1HJaCKzwNNg
Units Dimensions Errors Vectors | JEE Main 2020 Solution | JEE Physics | PYQs | Mohit Sir | Eduniti|fYq-pdpx4AI|https://www.youtube.com/watch?v=fYq-pdpx4AI
Work Energy Power | JEE Main 2020 Solution | JEE Physics | PYQs | Mohit Sir | Eduniti|YHyjwyRyAaE|https://www.youtube.com/watch?v=YHyjwyRyAaE
Fluid Mechanics | JEE Main 2020 Solution | JEE Physics | PYQs | Mohit Sir | Eduniti|TuJcNMRLlpU|https://www.youtube.com/watch?v=TuJcNMRLlpU
JEE 2023 Update | CBSE Practical Impact on Jan Attempt ? | Fact Check | Eduniti #Latest|hGeRAtQSATg|https://www.youtube.com/watch?v=hGeRAtQSATg
Moving Charges & MEC | JEE Main 2020 Solution | JEE Physics | PYQs | Mohit Sir | Eduniti|laPN9PLaFnU|https://www.youtube.com/watch?v=laPN9PLaFnU
Semiconductors July Attempt Solutions of JEE Main 2022 | Physics PYQs | Eduniti | Mohit Sir|Oain4AYKKqM|https://www.youtube.com/watch?v=Oain4AYKKqM
Wave Optics & EM Waves July Attempt Solutions of JEE Main 2022 | Physics PYQs | Eduniti | Mohit Sir|TxvAHplp9d4|https://www.youtube.com/watch?v=TxvAHplp9d4
JEE Main 2023 - 60 Days Target 🔥 | 4 Pointers for all category of Students | Eduniti | Mohit Sir|UfywOZpWWGw|https://www.youtube.com/watch?v=UfywOZpWWGw
Communications July Attempt Solutions of JEE Main 2022 | Physics PYQs | Eduniti | Mohit Sir|75waFwcql7Q|https://www.youtube.com/watch?v=75waFwcql7Q
LC Oscillation - AC | IIT JEE Physics | Concept & Question | Mohit Sir | Eduniti|mTUL6YRfOyU|https://www.youtube.com/watch?v=mTUL6YRfOyU
Modern Physics July Attempt Solutions of JEE Main 2022 | Physics PYQs | Eduniti | Mohit Sir|a86hTkFJIzs|https://www.youtube.com/watch?v=a86hTkFJIzs
Units Dimensions Errors July Attempt Solutions of JEE Main 2022 | Physics PYQs | Eduniti | Mohit Sir|wW7iXQLWUWE|https://www.youtube.com/watch?v=wW7iXQLWUWE
Wave Motion July Attempt Solutions of JEE Main 2022 | Physics PYQs | Eduniti | Mohit Sir|p7_70Xm1ou0|https://www.youtube.com/watch?v=p7_70Xm1ou0
Thermal Properties July Attempt Solutions of JEE Main 2022 | Physics PYQs | Eduniti | Mohit Sir|7zXuXk1siZc|https://www.youtube.com/watch?v=7zXuXk1siZc
KTG & Thermodynamics July Attempt Solutions of JEE Main 2022 | Physics PYQs | Eduniti | Mohit Sir|_R9ebHf74ao|https://www.youtube.com/watch?v=_R9ebHf74ao
SHM July Attempt Solutions of JEE Main 2022 | Physics PYQs | Eduniti | Mohit Sir|QhC8BNpH8sM|https://www.youtube.com/watch?v=QhC8BNpH8sM
Fluid Mechanics July Attempt Solutions of JEE Main 2022 | Physics PYQs | Eduniti | Mohit Sir|Wi8my8TULqk|https://www.youtube.com/watch?v=Wi8my8TULqk
Properties of Solids July Attempt Solutions of JEE Main 2022 | Physics PYQs | Eduniti | Mohit Sir|rLxyTZlRZHw|https://www.youtube.com/watch?v=rLxyTZlRZHw
JEE 2023 - Questions Repeated in JEE Main😲 | Crack Physics Code | Eduniti | Mohit Sir|IJsYD_61YD4|https://www.youtube.com/watch?v=IJsYD_61YD4
JAB vs NTA - Who will conduct JEE Main 2023 | Will Paper Pattern Change | Eduniti | Mohit Sir|WqklDURl5vk|https://www.youtube.com/watch?v=WqklDURl5vk
Ray Optics July Attempt Solutions of JEE Main 2022 | Physics PYQs | Eduniti | Mohit Sir|5JosXZQwIb8|https://www.youtube.com/watch?v=5JosXZQwIb8
JEE 2023 & 2024 - TAKE CHARGE NOW 🔥 | 3 Genuine Issues | Mohit Sir|xZzt2zLYMpM|https://www.youtube.com/watch?v=xZzt2zLYMpM
IIT/NIT का सपना बर्बाद कर देती है ये ISSUE | JEE 2023 & 2024 | Eduniti|KYg9aBV-oXE|https://www.youtube.com/watch?v=KYg9aBV-oXE
Gravitation July Attempt Solutions of JEE Main 2022 | Physics PYQs | Eduniti | Mohit Sir|0eiFAyDauqs|https://www.youtube.com/watch?v=0eiFAyDauqs
JEE 2023: How to Master Every Concept in PCM | Eduniti | Mohit Sir|E5LaKwCN_po|https://www.youtube.com/watch?v=E5LaKwCN_po
Rotation July Attempt Solutions of JEE Main 2022 | Physics PYQs | Eduniti | Mohit Sir|I-F6U94Esu0|https://www.youtube.com/watch?v=I-F6U94Esu0
COM & Collision July Attempt Solutions of JEE Main 2022 | Physics PYQs | Eduniti | Mohit Sir|59Z6Rhv9NMU|https://www.youtube.com/watch?v=59Z6Rhv9NMU
Work Energy Power July Attempt Solutions of JEE Main 2022 | Physics PYQs | Eduniti | Mohit Sir|s63ZJl2xirg|https://www.youtube.com/watch?v=s63ZJl2xirg
Laws of Motion July Attempt Solutions of JEE Main 2022 | Physics PYQs | Eduniti | Mohit Sir|wl9B8luaVWk|https://www.youtube.com/watch?v=wl9B8luaVWk
JEE Advanced 2023: Do this for 100 Days | Can I Crack IIT | Eduniti | Mohit Sir|UQQ6PpxXDME|https://www.youtube.com/watch?v=UQQ6PpxXDME
Kinematics July Attempt Solutions of JEE Main 2022 | Physics PYQs | Eduniti | Mohit Sir|oSD1k71DEq4|https://www.youtube.com/watch?v=oSD1k71DEq4
JEE 2023: PYQs are enough for 99%ile ! Logic Explained👍|XaM7ClprFck|https://www.youtube.com/watch?v=XaM7ClprFck
Alternating Current July Attempt Solutions of JEE Main 2022 | Physics PYQs | Eduniti | Mohit Sir|Z6CXuupiyD8|https://www.youtube.com/watch?v=Z6CXuupiyD8
EMI July Attempt Solutions of JEE Main 2022 | Physics PYQs | Eduniti | Mohit Sir|oxWc0Seh394|https://www.youtube.com/watch?v=oxWc0Seh394
Moving Charges & MEC July Attempt Solutions of JEE Main 2022 | Physics PYQs | Eduniti | Mohit Sir|dY4iKY2XlyM|https://www.youtube.com/watch?v=dY4iKY2XlyM
Current Electricity July Attempt Solutions of JEE Main 2022 | Physics PYQs | Eduniti | Mohit Sir|jvCcXEnVwXI|https://www.youtube.com/watch?v=jvCcXEnVwXI
Capacitors July Attempt Solutions of JEE Main 2022 | Physics PYQs | Eduniti | Mohit Sir|g1q8dR1SyEk|https://www.youtube.com/watch?v=g1q8dR1SyEk
How to clear backlogs for JEE 2023 🔥 | Most Effective Approach by Mohit Sir|mFS5jAWt3G0|https://www.youtube.com/watch?v=mFS5jAWt3G0
3 Revision Strategy to Crack JEE 2023 !|DKlj_6aSDc8|https://www.youtube.com/watch?v=DKlj_6aSDc8
LOOSING IIT just before finish line - A Word of Caution !!|rxB_KEJAr1k|https://www.youtube.com/watch?v=rxB_KEJAr1k
Electrostatics July Attempt Solutions of JEE Main 2022 | Physics PYQs | Eduniti | Mohit Sir|uhWy99DBZYc|https://www.youtube.com/watch?v=uhWy99DBZYc
Updated Syllabus for JEE Advanced 2023 | Topics added in Physics | Eduniti | Mohit Sir|kr3Y7sFwZ7w|https://www.youtube.com/watch?v=kr3Y7sFwZ7w
JEE Advanced 2022 - Marks vs Rank | Message for 2023 | Eduniti | Mohit Sir|m3BxQrTWVp0|https://www.youtube.com/watch?v=m3BxQrTWVp0
Most Detailed Analysis | Must for JEE 2023 | Physics | Mohit Sir|lOo0AAQKgI0|https://www.youtube.com/watch?v=lOo0AAQKgI0
JEE Main 2023 - Guaranteed 99%ile in Physics | Eduniti | Mohit Sir|G8NPmayT3L8|https://www.youtube.com/watch?v=G8NPmayT3L8
Expected Dates & Targets for JEE 2023 | Class 12th & Droppers | Mohit Sir | Eduniti|4oBgwwF_fi4|https://www.youtube.com/watch?v=4oBgwwF_fi4
Why Every One is WRONG ! Dropped Ques of JEE Advanced 2022 | Provisional Answer key | Eduniti|qH-WC5w9F6Q|https://www.youtube.com/watch?v=qH-WC5w9F6Q
JEE Advanced 2022 Physics Review | Paper Level and feedback for IIT JEE 2023 | Eduniti | Mohit Sir|ez_eE2rweBQ|https://www.youtube.com/watch?v=ez_eE2rweBQ
Justice by NTA vs MHT CET | A bitter truth by Mohit Sir | Eduniti #jeemain2022|5jjpvYhySPA|https://www.youtube.com/watch?v=5jjpvYhySPA
NEET JEE Merge to CUET - Explained by Mohit Sir | Eduniti | Proposal vs Students Questions|olTjLWiJU1k|https://www.youtube.com/watch?v=olTjLWiJU1k
JEE Advanced is in fact easier than JEE Main | 2 Surprises | JEE Advanced 2022 | Eduniti | Mohit Sir|ETeLxswsBzs|https://www.youtube.com/watch?v=ETeLxswsBzs
JEE Advanced Physics Solutions | Rotation 2019 to 2020 | Eduniti | Mohit Sir|8AhNUXRM5yI|https://www.youtube.com/watch?v=8AhNUXRM5yI
QUES you shouldn't CHALLENGE - July Attempt #jeemain2022 #eduniti|MhYyKtTUYrE|https://www.youtube.com/watch?v=MhYyKtTUYrE
WRONG answer Key - JULY Attempt #jeemain2022 #physics #eduniti|PSjsDQ48WbQ|https://www.youtube.com/watch?v=PSjsDQ48WbQ
JEE Main 2022: ISSUES in JULY Response sheets ? | Voice for Justice | Eduniti|YihoJLgVz5g|https://www.youtube.com/watch?v=YihoJLgVz5g
Critical Chapters for JEE Advanced 2022 in Physics #iitjee #eduniti #shorts|FG0aZ9KAylM|https://www.youtube.com/watch?v=FG0aZ9KAylM
JEE Advanced Physics Solutions | Current Electricity 2018 to 2020 | Eduniti | Mohit Sir|fuZJCWutZW8|https://www.youtube.com/watch?v=fuZJCWutZW8
JEE Main vs JEE Advanced Questions | Skill Set Needed to crack IIT | Eduniti | Mohit Sir|21ZLbGSX6po|https://www.youtube.com/watch?v=21ZLbGSX6po
A SNEAK peek of LEVEL UP - JEE Advanced 2022 Course 😲 | Eduniti | Mohit Sir #IIT|dGhLD497ZnM|https://www.youtube.com/watch?v=dGhLD497ZnM
Complete 390 Ques of June Attempt JEE Main 2022 😍 | Video Solution + FREE PDF + Ans Key | Eduniti|qDwuDaTgHk4|https://www.youtube.com/watch?v=qDwuDaTgHk4
Most EXPECTED Mistakes 🔥🔥🔥 in 2nd Attempt #jeemain2022 #eduniti|nbefBkccDvc|https://www.youtube.com/watch?v=nbefBkccDvc
NTA Blunder : A Time Wasting Ques on 28th June Shift 2  | Why No Bonus ?? #jeemain2022|L0hcwPXloJw|https://www.youtube.com/watch?v=L0hcwPXloJw
Cyclotron in 7 Min | Concept & PYQs | JEE Physics | JEE Physics | Eduniti|3WEK1rWZTqg|https://www.youtube.com/watch?v=3WEK1rWZTqg
Davisson & Germer Experiment in 3 Min | IIT JEE | Modern Physics | Eduniti | Mohit Sir|vXRxjbLHLoc|https://www.youtube.com/watch?v=vXRxjbLHLoc
All Possible Ques from Magnetic Properties for July Attempt 🔥🔥 | NCERT Line to Line #jeemain2022|VXi97Uqw9RI|https://www.youtube.com/watch?v=VXi97Uqw9RI
June Results - A Different Perspective !!  | NTA Pseudo Easy Paper Strategy #jeemain2022|k_fXHZLcPkk|https://www.youtube.com/watch?v=k_fXHZLcPkk
June Attempt Results - A message by Mohit Sir | JEE Main 2022 | Eduniti|yApIEh8mQI4|https://www.youtube.com/watch?v=yApIEh8mQI4
NTA Left no Stone Unturned 🔥🔥🔥 : A ques of June Attempt | JEE Main 2027|e4-lCUyisNs|https://www.youtube.com/watch?v=e4-lCUyisNs
ये Figure of Merit क्या है ? | JEE Main 2027 | Target 2nd Attempt | Physics | Eduniti|SZuojYNFJ0Q|https://www.youtube.com/watch?v=SZuojYNFJ0Q
Theory Ques for 2nd Attempt | Communications | JEE Main 2022 | NCERT Line to Line | Eduniti|3LWoah3XegA|https://www.youtube.com/watch?v=3LWoah3XegA
JEE 2022 - Crack 2nd Attempt in Speed Mode 🔥🔥|H3wPhoLww6s|https://www.youtube.com/watch?v=H3wPhoLww6s
Transistor as Oscillator & Switch | Semiconductors | Theoretical Ques in JEE Main | Eduniti|C8bkp1OzVDI|https://www.youtube.com/watch?v=C8bkp1OzVDI
55 Hot Concepts for July Attempt | Physics | JEE Main 2022 | Eduniti | Mohit Sir|_2VdXHi6EQQ|https://www.youtube.com/watch?v=_2VdXHi6EQQ
Bonus Questions in June Attempt | JEE Main 2022 | Physics | Eduniti | Mohit Sir|Ll97HFUoh-4|https://www.youtube.com/watch?v=Ll97HFUoh-4
June Attempt Official Questions Papers - JEE Main 2022 | All 12 Shifts PCM | Download PDF | Eduniti|If6SKxIB3pQ|https://www.youtube.com/watch?v=If6SKxIB3pQ
Paper Level Increasing ? - 27th June Analysis | JEE Main 2022 | Eduniti | Mohit Sir|Wy0QF902VTQ|https://www.youtube.com/watch?v=Wy0QF902VTQ
Toughest Question of Physics 😲 JUNE Attempt | JEE Main 2022 | 26th June Shift 1| Eduniti|HITzNGk0Czs|https://www.youtube.com/watch?v=HITzNGk0Czs
JEE Main 2026 How to Answer Integer Type Questions | Exact Rounding off Rules | Eduniti|H-aN3uK61gw|https://www.youtube.com/watch?v=H-aN3uK61gw
JEE Main 2026  - Most Expected Question | Fluid Mechanics | 4 Marks in 2 Min | Mohit Sir|MXb1X2Kx8xY|https://www.youtube.com/watch?v=MXb1X2Kx8xY
Star Delta Trick in Capacitors | IIT JEE | Unbalanced Wheatstone Bridge Tricks | Mohit Sir|olSXhLVRvMU|https://www.youtube.com/watch?v=olSXhLVRvMU
All Unit Conversion & Constants in 1 min | Updated Checklist | JEE Main 2022 | Eduniti | Mohit Sir|JOrkj-xDtk8|https://www.youtube.com/watch?v=JOrkj-xDtk8
Logic Gates using Diode & Transistors | JEE Main Physics | Semiconductors | Eduniti | Mohit Sir|jwcKSC-Wkkw|https://www.youtube.com/watch?v=jwcKSC-Wkkw
Damped Oscillation Questions | JEE Physics | +4 Marks Series | SHM | Eduniti | Mohit Sir|obWhDPCyz18|https://www.youtube.com/watch?v=obWhDPCyz18
+4 Marks by this Approach | Most Asked Question of TIR | Ray Optics | JEE Main | Eduniti|vkFJrRWojGc|https://www.youtube.com/watch?v=vkFJrRWojGc
Photoelectric in 2 Min | +4 in Modern Physics | JEE Main & Advanced | Eduniti | Mohit Sir|cZJ_XD3UA4k|https://www.youtube.com/watch?v=cZJ_XD3UA4k
EM Waves Guaranteed 4 Marks 😲 | JEE Main 2027 | Electromagnetic Waves | Eduniti | Mohit Sir|YdW0WlP4O-s|https://www.youtube.com/watch?v=YdW0WlP4O-s
Communication System in 2 min 😲 | Guaranteed 4 Marks | JEE Main 2025 | JEE Physics | Eduniti|iGhZJllJfYw|https://www.youtube.com/watch?v=iGhZJllJfYw
10 Important Instrument & Experiment | 8 to 16 Marks 🤩 | JEE Main 2022 | Physics | Eduniti|lzQIPW71l2A|https://www.youtube.com/watch?v=lzQIPW71l2A
Any Superposition question in 30 Seconds 😲 | Most asked in SHM | JEE Main | Eduniti | Mohit Sir|bG3XB7V8FeY|https://www.youtube.com/watch?v=bG3XB7V8FeY
Full Test for JEE Main 2022 | Free Mock Test | JEE Physics | Eduniti | Mohit Sir|vuRJiMd7iTo|https://www.youtube.com/watch?v=vuRJiMd7iTo
Angle of Dip in 2 Min | Most asked Question in Earth's Magnetism | JEE Main 2024 | Mohit Sir|ACgJLT5kvh4|https://www.youtube.com/watch?v=ACgJLT5kvh4
Rotation Question in 10 Sec | JEE Main | Trick For Pulley Block System | +4 Marks | Mohit Sir|wuSkr7kWf18|https://www.youtube.com/watch?v=wuSkr7kWf18
Cascaded Carnot Engine in 2 Min | Most asked Question in Thermodynamics | IIT JEE | Mohit Sir|8LOe5s3NAx8|https://www.youtube.com/watch?v=8LOe5s3NAx8
15 Days - 15 Hours 🚀 | Most PRODUCTIVE TIME TABLE for JEE Main 2022  | Mohit Sir | Eduniti|tQqs0Hs2i7g|https://www.youtube.com/watch?v=tQqs0Hs2i7g
Polytropic Process in 2 min | Most asked Question in Thermodynamics | JEE Main  | Mohit Sir|1l_Zn0Bj6lc|https://www.youtube.com/watch?v=1l_Zn0Bj6lc
Unbalanced Wheatstone Bridge Trick Solution 😲 | Current Electricity | JEE Main 2027 | Mohit Sir|xtF63GCcrKw|https://www.youtube.com/watch?v=xtF63GCcrKw
Double Star System in 2 min | Most asked Question in Gravitation | JEE Main & Advanced | Mohit Sir|mber9EGu5YE|https://www.youtube.com/watch?v=mber9EGu5YE
4 Marks in 2 min | Most asked Question in Capacitor | JEE Main 2027 | JEE Physics by Mohit Sir|X6tAizP4dds|https://www.youtube.com/watch?v=X6tAizP4dds
Rolling on Inclined Plane in 2 min | Most asked Question | JEE Main & Advanced | Mohit Sir|psmunXvLlmk|https://www.youtube.com/watch?v=psmunXvLlmk
200+ is still Possible | If this doesn't push you nothing will 🔥🔥 | JEE Main 2022 | Mohit Sir|yX5uv5-dyzk|https://www.youtube.com/watch?v=yX5uv5-dyzk
Newton's Law of cooling in 2 min | Most asked concept | JEE Main 2027 | JEE Physics by Mohit Sir|HttahmeNCfM|https://www.youtube.com/watch?v=HttahmeNCfM
Silvering of Lens | Tricks in Ray Optics | JEE Physics by Mohit Sir | Eduniti|rrjmTBNWyU0|https://www.youtube.com/watch?v=rrjmTBNWyU0
Most important question of Gravitation | JEE Main 2027 | 4 Marks Free | Mohit Sir | Eduniti|64KsAfZy5Pc|https://www.youtube.com/watch?v=64KsAfZy5Pc
Searle's Method | Experiment based questions in JEE Main & Advanced | Mohit Sir | Eduniti|g50_7MtTViM|https://www.youtube.com/watch?v=g50_7MtTViM
Inelastic Oblique collision by Mohit Sir | Collision | JEE Physics | Eduniti|U_cAPgogpzY|https://www.youtube.com/watch?v=U_cAPgogpzY
Answering Students 3 Misconception in Physics | 3 Concept 3 Chapters | Mohit Sir | Eduniti|apuNMtxuDkQ|https://www.youtube.com/watch?v=apuNMtxuDkQ
Trick for Ray Optics | Any JEE question in seconds | Sign Convention | Mohit Sir | Eduniti|8UVQiROPx04|https://www.youtube.com/watch?v=8UVQiROPx04
Best questions for JEE Main 2022 | Now or Never | Offer is back 😲 | Eduniti | Mohit Sir|nGaLkkburqU|https://www.youtube.com/watch?v=nGaLkkburqU
Taylor's Theorem in SHM for JEE Main & Advance | Tricks in SHM | Eduniti | Mohit Sir|wi-mAmed_fg|https://www.youtube.com/watch?v=wi-mAmed_fg
Complete Term 2 Physics | 35 Marks Guaranteed in both Term 2 and JEE 2022 Physics | Eduniti|WRMh2_hYED8|https://www.youtube.com/watch?v=WRMh2_hYED8
JEE and NEET Aspirants ATTENTION !!!  | Best Resource for Physics|Pvm5KT9Urks|https://www.youtube.com/watch?v=Pvm5KT9Urks
Who will make it to Top 1% in JEE 2022 | Frankly Speaking | Eduniti | Mohit Sir|RdqoLpPhY_w|https://www.youtube.com/watch?v=RdqoLpPhY_w
Do this to gain confidence in Integer type questions | JEE Main 2022 | Last 45 Days | Eduniti|hzBg3aXygb0|https://www.youtube.com/watch?v=hzBg3aXygb0
3 Huge Surprises for Edunitians | 1 PM 3rd May Live|avxM_yl7nNI|https://www.youtube.com/watch?v=avxM_yl7nNI
Class 12 | How JEE & NEET aspirant can Score 95% in Boards | Term 2 | Mohit Sir|PsKTjwAPAaA|https://www.youtube.com/watch?v=PsKTjwAPAaA
How to Solve a Question | How to approach a Physics Numerical by Mohit Sir | Eduniti|OUIxsVnltJY|https://www.youtube.com/watch?v=OUIxsVnltJY
Is Infinite images formed in Plane Parallel Mirrors ? | Ray Optics | JEE & NEET Physics|EOcWGLmKbi8|https://www.youtube.com/watch?v=EOcWGLmKbi8
Biggest blunder by JEE and NEET Aspirants|ZIgMY54f9-M|https://www.youtube.com/watch?v=ZIgMY54f9-M
Brahmastra Tip for JEE & NEET 2022 Aspirants | Mohit Sir | Eduniti|XLXzjYkRmb4|https://www.youtube.com/watch?v=XLXzjYkRmb4
Rahul increased physics marks by 100% with one Block  - A JEE 2022 Aspirant|LjKbAlaQ0vE|https://www.youtube.com/watch?v=LjKbAlaQ0vE
My Biggest Strength in Cracking IIT JEE Exam !|dAkSHSeNRPI|https://www.youtube.com/watch?v=dAkSHSeNRPI
Frame Questions for JEE 2022 | Complete Expertise in Physics | Mohit Sir | Eduniti|T_jDQ9oGxWE|https://www.youtube.com/watch?v=T_jDQ9oGxWE
An Exam is easier than breaking a Mountain | Extraordinary Learning for JEE & NEET Aspirants|73bwA7FQg-M|https://www.youtube.com/watch?v=73bwA7FQg-M
5 Hacks for Speed Solving | How to increase problem solving speed ? | JEE & NEET Exam|6-U0OOwe7Zs|https://www.youtube.com/watch?v=6-U0OOwe7Zs
Can I Crack JEE Main 2022 in 2 Months ? | 70+ in Physics in 60 days Sure !!!🔥🔥🔥|fVVYxpGyfEc|https://www.youtube.com/watch?v=fVVYxpGyfEc
JEE 2021 Solution Series | COMMUNICATION SYSTEMS | JEE Physics|chFEymesJHc|https://www.youtube.com/watch?v=chFEymesJHc
Most Asked Concept 🤩 | JEE Mains 2027 | Electrostatics | 4 marks Secure करो | Mohit Sir (IIT KGP)|ml0iAxdIeBg|https://www.youtube.com/watch?v=ml0iAxdIeBg
JEE 2027: Rotational Motion | Rank Booster Series 1.0 | Target 90+ Physics | Mohit Sir | Eduniti|wZwwG1Z5qZM|https://www.youtube.com/watch?v=wZwwG1Z5qZM
Cross Product - Its Importance in Physics | JEE & NEET Physics | Mohit Sir  - IIT KGP | Eduniti|592LZhzICcY|https://www.youtube.com/watch?v=592LZhzICcY
Thermal Properties & Heat Transfer Short Notes IITIAN Style | JEE Main JEE Advanced NEET | Mohit Sir|o0mKKi-2ekQ|https://www.youtube.com/watch?v=o0mKKi-2ekQ
JEE 2021 Solution Series | WAVE OPTICS & EM WAVES | JEE Physics|egF8QlmG7XY|https://www.youtube.com/watch?v=egF8QlmG7XY
IIT JEE Exams -  A RAT RACE ? | A Must watch for all JEE Aspirants | Mohit Sir | Eduniti|2bpjDiT2wXY|https://www.youtube.com/watch?v=2bpjDiT2wXY
JEE 2022: Success तुम्हारे Level पे नहीं आयेगा 🔥🔥🔥|kcay0PyzloM|https://www.youtube.com/watch?v=kcay0PyzloM
A 5 Min Collision question cracked in 5 Sec | JEE 2026 | Physics Tricks | Mohit Sir | Eduniti|wdug5pIxEPA|https://www.youtube.com/watch?v=wdug5pIxEPA
JEE 2021 Solution Series | RAY OPTICS| JEE Physics|Z56JpyiP9TE|https://www.youtube.com/watch?v=Z56JpyiP9TE
Overcome your Fear with Eduniti 🔥 | JEE & NEET Aspirants Must Watch | Mohit Sir (IIT KGP)|oPWYopabQNg|https://www.youtube.com/watch?v=oPWYopabQNg
JEE 2021 Solution Series | Magnetism EMI AC | JEE Physics|CEdTxgbbiaY|https://www.youtube.com/watch?v=CEdTxgbbiaY
How he went from -1 to 72 Marks in Physics in JEE Main | Extreme Motivation for JEE 2022 🎯 | Eduniti|dBClrf5QCf0|https://www.youtube.com/watch?v=dBClrf5QCf0
JEE 2021 Solution Series | CURRENT ELECTRICITY | JEE Physics|-mswvlOzDlE|https://www.youtube.com/watch?v=-mswvlOzDlE
How to revise notes effectively for IIT JEE Exams | Must watch 🔥🔥 | No one tells you this|Z_Y9slKbdXU|https://www.youtube.com/watch?v=Z_Y9slKbdXU
Growth and Decay of Current in L-R Circuit | IIT JEE | PYQs | Mohit Sir | Eduniti|Lujc2lKN6oI|https://www.youtube.com/watch?v=Lujc2lKN6oI
Electric Flux and Gauss's Law | JEE Physics | Electrostatics | Mohit Sir | Eduniti|ruoykwb29Ls|https://www.youtube.com/watch?v=ruoykwb29Ls
JEE Main 2026: 5 Min questions in 5 sec 🔥🔥🔥 | Tricks to Solve Physics Question | Mohit Sir | Eduniti|IJKVRSNUJT4|https://www.youtube.com/watch?v=IJKVRSNUJT4
JEE Main 2022: 100 Most Probable Questions in Physics | Handpicked by Mohit Sir (IIT Kharagpur)|ekYEfp0rF1s|https://www.youtube.com/watch?v=ekYEfp0rF1s
Rotation & Fluid Mechanics Notes | Best Short Notes IITIAN Style | JEE Main JEE Advanced NEET|dkLu7XkJMHQ|https://www.youtube.com/watch?v=dkLu7XkJMHQ
Physical Constants & Dimensions in Physics | Must know for JEE 2027 Aspirants | Mohit Sir | Eduniti|lQGtE--CqRs|https://www.youtube.com/watch?v=lQGtE--CqRs
Circuit Analysis Problems | JEE Physics | Current Electricity | Mohit Sir | Eduniti|hx0QfqBeqq4|https://www.youtube.com/watch?v=hx0QfqBeqq4
Important Unit Conversions in Physics | A Must know for JEE 2024 Aspirants | Mohit Sir | Eduniti|vIq_j78Kdys|https://www.youtube.com/watch?v=vIq_j78Kdys
JEE Main 2022: Impact of Pattern Change on Preparation 🔥🔥🔥 | Paper will be difficult ? | Mohit Sir|vetzIoH3BsY|https://www.youtube.com/watch?v=vetzIoH3BsY
Electrostatics to Alternating Current Notes | Best Notes IITIAN Style | JEE Main JEE Advanced NEET|JlU647iW4yE|https://www.youtube.com/watch?v=JlU647iW4yE
An Eye Opener for JEE 2022 Aspirants | No 2nd ATTEMPT #Latest|mEnqzLzRuVI|https://www.youtube.com/watch?v=mEnqzLzRuVI
KTG & Thermodynamics in 5 Min | Best Short Notes IITIAN Style | JEE Main/JEE Advanced/NEET|GlcJ8HbNN2Y|https://www.youtube.com/watch?v=GlcJ8HbNN2Y
JEE Advanced Analysis | Important Chapters for 64% Marks in Physics | Mohit Sir (IIT KGP)|H8iFE9Xbx2Q|https://www.youtube.com/watch?v=H8iFE9Xbx2Q
Ray Optics & Optical Instruments | Best Short Notes IITIAN Style | JEE Main/JEE Advanced/NEET|f4FHzBr0dj8|https://www.youtube.com/watch?v=f4FHzBr0dj8
JEE Main 2022 - 9 Must do Topics in Physics | Easy Kill Chapters | Mohit Sir|2jV4NQzl28c|https://www.youtube.com/watch?v=2jV4NQzl28c
Modern Physics in 5 Min | Best Short Notes IITIAN Style | JEE Main/JEE Advanced/NEET|kewQ6znsQ_E|https://www.youtube.com/watch?v=kewQ6znsQ_E
Elasticity in 1 Min | Best Short Notes IITIAN Style | JEE Main/JEE Advanced/NEET|D-QoRu6_3eQ|https://www.youtube.com/watch?v=D-QoRu6_3eQ
Imperfect Square Root in 5 Sec | Number from 1 to 9999 | Trick for JEE & NEET | Mohit Sir [IIT KGP]|GRO2kPAxPOs|https://www.youtube.com/watch?v=GRO2kPAxPOs
RC Circuit | Charging & Discharging of Capacitor | Trick for Time Constant | JEE Physics | Mohit Sir|Yg1an9gncZw|https://www.youtube.com/watch?v=Yg1an9gncZw
Is it in Series or Parallel 🤔 | Dielectric in Capacitor | JEE Physics | Mohit Sir [IIT KGP]|UB11iNJ2xzc|https://www.youtube.com/watch?v=UB11iNJ2xzc
JEE Main & Adv - Develop these SKILLS for 99.9 Percentile | SHM & AC Question in 1 Sec | JEE Physics|0S8KIRIJa4E|https://www.youtube.com/watch?v=0S8KIRIJa4E
Potential in System of Concentric Shells | Spherical Conductor | Electrostatics | JEE Physics | PYQs|dcZq74ns32s|https://www.youtube.com/watch?v=dcZq74ns32s
Which Years PYQs & How many Times Should I solve them | JEE Main 2022 Tips | Mohit Sir [IIT KGP]|mQi5gdMyDAk|https://www.youtube.com/watch?v=mQi5gdMyDAk
4 Marks For FREE 🤩 | JEE Mains 2027 | Energy Method | SHM | Mohit Sir|G7s3uvQ-C_w|https://www.youtube.com/watch?v=G7s3uvQ-C_w
Error Analysis | Relative Error | PYQs | JEE Physics | Mohit Sir (IIT KGP)|AEMsHUUAo5s|https://www.youtube.com/watch?v=AEMsHUUAo5s
11th Wasted? | 20 Days Action Plan to Save JEE 2023 | Urgent Topics of 11th for 12th | Mohit Sir|WKsj6vJPxAw|https://www.youtube.com/watch?v=WKsj6vJPxAw
Serious IMPACT on JEE Main 2022 Exam 🔥🔥🔥 | Complete Physics in 30 Days #Latest|yahgrmAatiE|https://www.youtube.com/watch?v=yahgrmAatiE
String Waves (Part-2) | Standing Waves | Sonometer | PYQs | JEE Physics | Mohit Sir (IIT KGP)|PDGq4d3xA6c|https://www.youtube.com/watch?v=PDGq4d3xA6c
Untold Facts of JEE Main 😲 | MUST WATCH JEE 2022 Aspirants|y7kjomK3x5o|https://www.youtube.com/watch?v=y7kjomK3x5o
Effective Gravity in SHM | Increase Speed by 10 Times | JEE & NEET | Eduniti | Mohit Sir|GJLZsxihtk0|https://www.youtube.com/watch?v=GJLZsxihtk0
4 Marks For FREE 🤩 | JEE Mains 2027 | Doppler Effect in Light | Eduniti | Mohit Sir|IBvMHSu934Y|https://www.youtube.com/watch?v=IBvMHSu934Y
String Waves (Part-1) | Wave Equation | Wave Speed | PYQs | JEE Physics | Mohit Sir (IIT KGP)|mZWNmH19wDQ|https://www.youtube.com/watch?v=mZWNmH19wDQ
🚀 JEE Main Analysis 2019-2021 | High Weightage Chapters | Mohit Sir [IIT KGP] #JEE2022 #Latest|iHcLzMB4F6c|https://www.youtube.com/watch?v=iHcLzMB4F6c
Lissajous Figures Explained | SHM | A question from JEE Main 2018 | JEE Physics | IIT JEE|SzFFrROUVNE|https://www.youtube.com/watch?v=SzFFrROUVNE
Toughest Question of JEE Main 2019 🔥🔥🔥 | Damped Oscillation | EMI | Mohit Sir [IIT KGP]|MGdjUNsk2ec|https://www.youtube.com/watch?v=MGdjUNsk2ec
Direction of Friction in a Bicycle | Force behind acceleration | JEE Physics | Mohit Sir | Eduniti|h4arZdZJHm0|https://www.youtube.com/watch?v=h4arZdZJHm0
Time Period of Spring-Pulley System | Master Unique Problems | JEE Physics | Mohit Sir | Eduniti|5zkvBZb-TAM|https://www.youtube.com/watch?v=5zkvBZb-TAM
Mock Test Analysis for JEE Main 2022 | 100% Improvement | Eduniti | Mohit Sir|XuoMwSB6boY|https://www.youtube.com/watch?v=XuoMwSB6boY
Rotational Motion (Part-3) | Rolling Motion | Toppling | JEE Physics | Mohit Sir (IIT KGP)|qugIqfYRCrk|https://www.youtube.com/watch?v=qugIqfYRCrk
Rotational Motion (Part-2) | L Conservation | Collision | JEE Physics | Mohit Sir (IIT KGP)|OHni1DRdfAQ|https://www.youtube.com/watch?v=OHni1DRdfAQ
Rotational Motion (Part-1) | MOI Torque & Static Equilibrium | JEE Physics | Mohit Sir (IIT KGP)|O6j1mLp06XI|https://www.youtube.com/watch?v=O6j1mLp06XI
Best way to manage JEE Main JEE Advanced & other exams 🔥🔥🔥 #JEE2022|RPdtfsRrx6s|https://www.youtube.com/watch?v=RPdtfsRrx6s
Heat Transfer | Conduction & Radiation | Complete REVISION for JEE Physics | Mohit Sir (IITKGP)|PyNboHgtYzM|https://www.youtube.com/watch?v=PyNboHgtYzM
Happy Republic Day | Mohit Sir Singing😲 | Eduniti #Latest|yLC57_b-9kE|https://www.youtube.com/watch?v=yLC57_b-9kE
Thermal Properties of Matter | Complete REVISION for JEE Physics | Mohit Sir (IITKGP)|OYjjyPIzddE|https://www.youtube.com/watch?v=OYjjyPIzddE
JEE Main 2022 : Most Important Chapters from NCERT 🔥🔥🔥 | With Proofs | Mohit Sir (IIT Kharagpur)|oLyRt6CwKhM|https://www.youtube.com/watch?v=oLyRt6CwKhM
JEE Main 2022 : Chapter Sequence to get 99 and above Percentile | Mohit Sir (IIT KGP)|_feDcKJNNQ4|https://www.youtube.com/watch?v=_feDcKJNNQ4
Depressed seeing MOCK TEST results 😔 ? #JEE2022 #Motivational|H8VmrmIkF_Q|https://www.youtube.com/watch?v=H8VmrmIkF_Q
Work Energy Theorem | Concepts & PYQs | Work Energy Power | JEE Physics | IIT JEE|9xXUzcxTQxA|https://www.youtube.com/watch?v=9xXUzcxTQxA
What should be your PRIORITY for PYQs ? 🔥🔥🔥 #JEE2022 #PYQs|dLvmTOANidM|https://www.youtube.com/watch?v=dLvmTOANidM
An inspiration for all JEE & NEET Aspirants 🔥🔥🔥 | Mohit Sir (IIT KGP)|bOIJhGaaYZE|https://www.youtube.com/watch?v=bOIJhGaaYZE
Conservation of Momentum & Collisions | Complete REVISION for JEE Physics | Mohit Sir (IITKGP)|3f0u4L-lyyw|https://www.youtube.com/watch?v=3f0u4L-lyyw
Cracking JEE needs more than Academic Strength  🔥🔥🔥 #JEE2022 #Motivational|90GPKlCEq3I|https://www.youtube.com/watch?v=90GPKlCEq3I
Center of Mass | Complete REVISION for JEE Physics | Mohit Sir (IITKGP)|ads35RKD618|https://www.youtube.com/watch?v=ads35RKD618
Expected Marks vs Rank for JEE 2022 🔥🔥🔥 #MustWatch #Goal|fT0LHTkXK3g|https://www.youtube.com/watch?v=fT0LHTkXK3g
Activated Revision Plan for JEE 2022 🔥🔥🔥 | 99.5 Percentile in Physics #Examdates #Resource|l7cmS43mGrg|https://www.youtube.com/watch?v=l7cmS43mGrg
Circular Motion | Vertical Circular Motion | Complete REVISION for JEE Physics | Mohit Sir (IITKGP)|KnFymKHlkT0|https://www.youtube.com/watch?v=KnFymKHlkT0
Friction | Complete REVISION for JEE Physics | Mohit Sir (IITKGP)|Rn1bLst7eGk|https://www.youtube.com/watch?v=Rn1bLst7eGk
Effect of 3rd Wave on JEE 2022 Aspirants 🔥🔥 #Latestnews #ExamDates|r_8wogHkj6U|https://www.youtube.com/watch?v=r_8wogHkj6U
Newton's Laws of Motion | Complete REVISION for JEE Physics | Mohit Sir (IITKGP)|7JlR8gNRQIs|https://www.youtube.com/watch?v=7JlR8gNRQIs
Most Underrated Topics in Physics | Hidden Gems worth 12-20 Marks #JEE2022 #Eduniti|iny1tEHwa04|https://www.youtube.com/watch?v=iny1tEHwa04
11 बर्बाद Hota Kyun Hai ?? | 11th WASTED 😰 | JEE निकाल पाऊँगा ? | Mohit Sir (IITKGP)|_qmH4i1Jgy4|https://www.youtube.com/watch?v=_qmH4i1Jgy4
Motion in Two Dimension | Projectile Motion | Complete REVISION for JEE Physics | Mohit Sir (IITKGP)|4_Zo5WhMf7w|https://www.youtube.com/watch?v=4_Zo5WhMf7w
JEE 2022 - 100% Guaranteed Result 🔥🔥 | Let me help you | Mohit Sir (IIT KGP) #TothePoint #JEEPhysics|iFS-JiRL2Rg|https://www.youtube.com/watch?v=iFS-JiRL2Rg
Motion in One Dimension | Kinematics | Complete REVISION for JEE Physics | Mohit Sir (IIT KGP)|U4NNxFaFliE|https://www.youtube.com/watch?v=U4NNxFaFliE
JEE 2022 - Biggest Treasure for 99.5 Percentile 🔥🔥🔥 | Session worth Lacs for Free !!! #Mauka|lXg-UPAGfu4|https://www.youtube.com/watch?v=lXg-UPAGfu4
JEE 2022 - Complete your SYLLABUS  🔥🔥🔥 | It's better Late than Never #LetMeHelpYou #Eduniti|GIVJke7ZkSs|https://www.youtube.com/watch?v=GIVJke7ZkSs
Elasticity | Properties of Solids | Complete REVISION for JEE Physics | Mohit Sir (IIT KGP)|gSXxjk89l_c|https://www.youtube.com/watch?v=gSXxjk89l_c
JEE 2022 - An Eye Opener 🔥🔥🔥 | Make remaining days COUNT #JaagJao #4Points|I7xVdfKa994|https://www.youtube.com/watch?v=I7xVdfKa994
Surface Tension & Viscosity - Part 3 | Complete REVISION for JEE Physics | Mohit Sir (IIT KGP)|V8xUWWK2oT0|https://www.youtube.com/watch?v=V8xUWWK2oT0
Fluid Dynamics - Part 2 | Complete REVISION for JEE Physics | IIT JEE | Mohit Sir (IIT KGP)|Y717vQpUEJQ|https://www.youtube.com/watch?v=Y717vQpUEJQ
Fluid Statics - Part 1 | Complete REVISION for JEE Physics | IIT JEE | Mohit Sir (IIT KGP)|RFKx9B9yo3M|https://www.youtube.com/watch?v=RFKx9B9yo3M
Banking of Roads | Direction of Friction ? |  Circular Motion | JEE Physics | IIT JEE|WbdcQYw63xc|https://www.youtube.com/watch?v=WbdcQYw63xc
Variable Mass System | Rocket Propulsion | Chain Falling on Floor | JEE Physics | IIT JEE|kZyhkHWifbA|https://www.youtube.com/watch?v=kZyhkHWifbA
Part 2 - Top selected Questions of HC Verma | Electrodynamics | Important Questions for JEE 2022|3L-wOnDo5z0|https://www.youtube.com/watch?v=3L-wOnDo5z0
Part 1 - Top selected Questions of HC Verma | Mechanics | Important Questions for JEE 2022|O4crNrD7DOo|https://www.youtube.com/watch?v=O4crNrD7DOo
Best Revision Strategy before exams 🔥🔥 #2minRevision #JEE|uGfzGYpLhWA|https://www.youtube.com/watch?v=uGfzGYpLhWA
Unable to Solve Physics Questions ? | Scientific Approach 🔥🔥 | IIT JEE Tips & Strategy #4Steps #JEE|z8Q8V1UFi_4|https://www.youtube.com/watch?v=z8Q8V1UFi_4
Solid Angle | Complete Understanding | Numerical | JEE Physics | IIT JEE|TqC9ONrBkw4|https://www.youtube.com/watch?v=TqC9ONrBkw4
10 Questions in 10 Second 😲 | Easiest questions of JEE 2021 | JEE Physics #JEE2022 #JEEMotivation|WXMtTxK3uf0|https://www.youtube.com/watch?v=WXMtTxK3uf0
Part 2 - Numerical on Taking Elements ? | 20 Best Illustrations 🔥🔥 | JEE Physics | IIT JEE|_c1bIKsN-Us|https://www.youtube.com/watch?v=_c1bIKsN-Us
🔴 One Mistake and +1000 students failed JEE | अब बचे 60 days में ये मत करना #JEE2022 #RedAlert|IdVnoqCUXDE|https://www.youtube.com/watch?v=IdVnoqCUXDE
Part1 - How to take Elements in Physics ? | Learn to put Limits | Best Way🔥🔥 | JEE Physics | IIT JEE|J0mV6kR9uRo|https://www.youtube.com/watch?v=J0mV6kR9uRo
🚀 All Statement Type Questions of JEE 2021 | JEE Physics #JEE2022 #JEE2023|w_iNQacskaw|https://www.youtube.com/watch?v=w_iNQacskaw
Serious Impact 🔥🔥 | JEE Advanced 2023 Syllabus Updated | Competition & Difficulty Increase ? 😯|UPCCbKLWbKU|https://www.youtube.com/watch?v=UPCCbKLWbKU
River Swimmer Problems | 3 CASES | Relative Motion | Kinematics 2d | JEE Physics | IIT JEE|EB81fCFq2SU|https://www.youtube.com/watch?v=EB81fCFq2SU
Rain Man Problems | How to Solve 3 Cases ? | Relative Motion | Kinematics 2d | JEE Physics | IIT JEE|S4Wm5GDjnDk|https://www.youtube.com/watch?v=S4Wm5GDjnDk
How to balance both Term 1 and JEE 2022 ? | 35/35 in Physics🔥🔥 | A Tip by Mohit Sir (IIT KGP)|RS9OSBTF93I|https://www.youtube.com/watch?v=RS9OSBTF93I
Chain on a Table | How to Solve 5 Cases ? | Work Energy Power | JEE Physics | Mohit Sir (IIT KGP)|_JWsNhGht3Y|https://www.youtube.com/watch?v=_JWsNhGht3Y
Billion Dollar Study Tip 🔥🔥🔥 | JEE Aspirants | JEE 2022 | JEE 2023|cXM8NYft-rs|https://www.youtube.com/watch?v=cXM8NYft-rs
Modern Physics | JEE Main 2020 Questions Solution | JEE Physics| Mohit Goenka|62xzOKgNyuE|https://www.youtube.com/watch?v=62xzOKgNyuE
2 Block Problems | Friction | JEE Physics | Mohit Sir (IIT KGP) | IIT JEE|lbmDqxiet1k|https://www.youtube.com/watch?v=lbmDqxiet1k
A lesson for JEE Main 2022 Aspirants | Don't Underestimate it | 😀 A Surprise PDF|JERLoGnNYuk|https://www.youtube.com/watch?v=JERLoGnNYuk
Don't be a FOOL ! | Do these 8 Topics | JEE Main 2022 | Physics Tips by Mohit Sir|6f55h0Zccjs|https://www.youtube.com/watch?v=6f55h0Zccjs
Modern Physics | JEE Main 2021 August Solution | JEE Main PYQ | Mohit Goenka (IIT KGP)|lOewxnKcpCA|https://www.youtube.com/watch?v=lOewxnKcpCA
Communication Systems | JEE Main 2021 August Solution | JEE Main PYQ | Mohit Goenka (IIT KGP)|357912u9nVY|https://www.youtube.com/watch?v=357912u9nVY
Semiconductors | JEE Main 2021 August Solution | JEE Main PYQ | Mohit Goenka (IIT KGP)|MdTzeOxg2ts|https://www.youtube.com/watch?v=MdTzeOxg2ts
Wave Optics | EM Waves | JEE Main 2021 August Solution | JEE Main PYQ | Mohit Goenka (IIT KGP)|2SnE13oR4a8|https://www.youtube.com/watch?v=2SnE13oR4a8
Ray Optics | JEE Main 2021 August Solution | JEE Main PYQ | Mohit Goenka (IIT KGP)|tHuvtRD7Gjc|https://www.youtube.com/watch?v=tHuvtRD7Gjc
Alternating Current | JEE Main 2021 August Solution | JEE Main PYQ | Mohit Goenka (IIT KGP)|QcwEZAVPtYo|https://www.youtube.com/watch?v=QcwEZAVPtYo
Electromagnetic Induction | JEE Main 2021 August Solution | JEE Main PYQ | Mohit Goenka (IIT KGP)|YDlj07dTjEI|https://www.youtube.com/watch?v=YDlj07dTjEI
Magnetism | JEE Main 2021 August Solution | JEE Main PYQ | Mohit Goenka (IIT KGP)|N2_LP_x1u70|https://www.youtube.com/watch?v=N2_LP_x1u70
Current Electricity | JEE Main 2021 August Solution | JEE Main PYQ | Mohit Goenka (IIT KGP)|-B8sqnPflwE|https://www.youtube.com/watch?v=-B8sqnPflwE
Capacitors | JEE Main 2021 August Solution | JEE Main PYQ | Mohit Goenka (IIT KGP)|pQyY7OGG5N4|https://www.youtube.com/watch?v=pQyY7OGG5N4
Electrostatics | JEE Main 2021 August Solution | JEE Main PYQ | Mohit Goenka (IIT KGP)|k0dVYa5kcbc|https://www.youtube.com/watch?v=k0dVYa5kcbc
Wave Motion | JEE Main 2021 August Solution | JEE Main PYQ | Mohit Goenka (IIT KGP)|TQCDCnDhZ_I|https://www.youtube.com/watch?v=TQCDCnDhZ_I
Thermodynamics | JEE Main 2021 August Solution | JEE Main PYQ | Mohit Goenka (IIT KGP)|CgR7YLh3xBA|https://www.youtube.com/watch?v=CgR7YLh3xBA
Thermal Properties | JEE Main 2021 August Solution | JEE Main PYQ | Mohit Goenka (IIT KGP)|RRcF-GJEi8A|https://www.youtube.com/watch?v=RRcF-GJEi8A
Solids and Fluids | JEE Main 2021 August Solution | JEE Main PYQ | Mohit Goenka (IIT KGP)|q6z76sKhzn4|https://www.youtube.com/watch?v=q6z76sKhzn4
Gravitation | JEE Main 2021 August Solution | JEE Main PYQ | Mohit Goenka (IIT KGP)|AcYJyL8VtMo|https://www.youtube.com/watch?v=AcYJyL8VtMo
Simple Harmonic Motion | JEE Main 2021 August Solution | JEE Main PYQ | Mohit Goenka (IIT KGP)|ooUQRYda0CE|https://www.youtube.com/watch?v=ooUQRYda0CE
Rotation | JEE Main 2021 August Solution | JEE Main PYQ | Mohit Goenka (IIT KGP)|wmlghKW_PUQ|https://www.youtube.com/watch?v=wmlghKW_PUQ
Center of Mass | Collision | JEE Main 2021 August Solution | JEE Main PYQ | Mohit Goenka (IIT KGP)|LIKVg9txoas|https://www.youtube.com/watch?v=LIKVg9txoas
Work Energy Power | JEE Main 2021 August Solution | JEE Main PYQ | Mohit Goenka (IIT KGP)|YzSKbc2_ODY|https://www.youtube.com/watch?v=YzSKbc2_ODY
Laws of Motion | JEE Main 2021 August Solution | JEE Main PYQ | Mohit Goenka (IIT KGP)|VqOrOiq0N_I|https://www.youtube.com/watch?v=VqOrOiq0N_I
Kinematics | JEE Main 2021 August Solution | JEE Main PYQ | Mohit Goenka (IIT KGP)|ao2TFneTnVM|https://www.youtube.com/watch?v=ao2TFneTnVM
Units & Dimensions | Errors | JEE Main 2021 August Solution | JEE Main PYQ | Mohit Goenka (IIT KGP)|0SHRzwUopXo|https://www.youtube.com/watch?v=0SHRzwUopXo
Extreme Motivation | JEE Advanced | IIT JEE #Motivation|AEnKcX7-vbs|https://www.youtube.com/watch?v=AEnKcX7-vbs
How to answer Numerical Type Questions ? | JEE Advanced 2021 | Last Moment Tip | Mohit Sir (IIT KGP)|fVSTEHV87Og|https://www.youtube.com/watch?v=fVSTEHV87Og
Paper Pattern Analysis | What to expect in JEE Advanced 2021 ? | Tip by Mohit Sir (IIT KGP)|qqy5Q1LjCOU|https://www.youtube.com/watch?v=qqy5Q1LjCOU
15 Min wasted on a question ? | JEE Advanced 2021 | Paper attempting strategy | Last Moment Tip|S4RmUyezr0Y|https://www.youtube.com/watch?v=S4RmUyezr0Y
Dimensions | JEE Advanced 2015 - 2020 Solution | JEE Advanced PYQ | Mohit Sir (IIT KGP) #IITJEE|hvCkhaYipAs|https://www.youtube.com/watch?v=hvCkhaYipAs
Error Analysis | JEE Advanced 2015 - 2020 Solution | JEE Advanced PYQ | Mohit Sir (IIT KGP) #IITJEE|ri69BwOlh3A|https://www.youtube.com/watch?v=ri69BwOlh3A
Electrostatics | JEE Advanced 2016 - 2018 Solution | PYQs by Mohit Sir (IIT KGP) #JEEAdvanced #PYQ|ZRNX_h1wbyw|https://www.youtube.com/watch?v=ZRNX_h1wbyw
Electrostatics | JEE Advanced 2019 Solution | PYQs by Mohit Sir (IIT KGP) #JEEAdvanced #PYQ|OhVxGCGr6Q4|https://www.youtube.com/watch?v=OhVxGCGr6Q4
Electrostatics | JEE Advanced 2020 Solution | PYQs by Mohit Sir (IIT KGP) #JEEAdvanced #PYQ|v_58kdKhWGk|https://www.youtube.com/watch?v=v_58kdKhWGk
Wave Optics | JEE Advanced 2015 - 2020 Solution | JEE Advanced PYQ | Mohit Sir (IIT KGP) #IITJEE|urcjW01pn9g|https://www.youtube.com/watch?v=urcjW01pn9g
Thermal Physics | JEE Advanced 2020 Solution | PYQs by Mohit Sir (IIT KGP) #JEEAdvanced #PYQ|yio99BE7idA|https://www.youtube.com/watch?v=yio99BE7idA
Multi Concept Problem of USAPhO 2016 | JEE Advanced | IIT JEE Physics by Mohit Sir (IIT KGP) #IITJEE|W2iGxiQGCKM|https://www.youtube.com/watch?v=W2iGxiQGCKM
Thermal Physics | JEE Advanced 2019 Solution | PYQs by Mohit Sir (IIT KGP) #JEEAdvanced #PYQ|_4qYPu8orPE|https://www.youtube.com/watch?v=_4qYPu8orPE
Why will it be 80°C ? | JEE Advanced 2019 Solution | Calorimetry #JEEAdvanced #PYQ|ozrUIH-1YpE|https://www.youtube.com/watch?v=ozrUIH-1YpE
Thermal Physics | JEE Advanced 2017 & 2018 Solution | PYQs by Mohit Sir (IIT KGP) #JEEAdvanced #PYQ|NksCfxtPs6E|https://www.youtube.com/watch?v=NksCfxtPs6E
Thermal Physics | JEE Advanced 2016 Solution | PYQs by Mohit Sir (IIT KGP) #JEEAdvanced #PYQ|aScXi2toV_0|https://www.youtube.com/watch?v=aScXi2toV_0
JEE Advanced 2019 Solution | SHM | Let's Solve using Basic Knowledge | JEE Physics #IITJEE #SHM|a3GD7aHLOss|https://www.youtube.com/watch?v=a3GD7aHLOss
JEE 2022 Aspirants | Nothing less than 99.5 Percentile | Mohit Sir (IIT KGP) #Physics #JEEMain #IIT|2kCnwa9fOr4|https://www.youtube.com/watch?v=2kCnwa9fOr4
Modern Physics | JEE Advanced 2019 & 2020 Solution | PYQs by Mohit Sir (IIT KGP) #JEEAdvanced #PYQ|t1_T_IDBNQU|https://www.youtube.com/watch?v=t1_T_IDBNQU
Modern Physics | JEE Advanced 2017 & 2018 Solution | PYQs by Mohit Sir (IIT KGP) #JEEAdvanced #PYQ|gK-lm0VdgoM|https://www.youtube.com/watch?v=gK-lm0VdgoM
Modern Physics | JEE Advanced 2016 Solution | PYQs by Mohit Sir (IIT KGP) #JEEAdvanced #PYQ|OK6xWMhhAeI|https://www.youtube.com/watch?v=OK6xWMhhAeI
JEE Advanced 2020 Solutions | 🤔 FAIR or UNFAIR ? | Thermodynamics #BonusQuestion #IIT|yrhmxjkn1ho|https://www.youtube.com/watch?v=yrhmxjkn1ho
JEE Advanced 2020 Solutions | 🤔 Why BONUS ? | A learning for all IIT JEE Aspirants | Ray Optics|uCUT4kbFfkY|https://www.youtube.com/watch?v=uCUT4kbFfkY
JEE Advanced PYQ | 2019 Questions of Ray Optics | Eduniti | Mohit Sir (IIT KGP) #IIT #PYQ|9PtbJGnlAkY|https://www.youtube.com/watch?v=9PtbJGnlAkY
JEE Advanced PYQ | 2017-2018 Questions of Ray Optics| Eduniti | Mohit Sir (IIT KGP) #IIT #PYQ|MJqlgR6s1y8|https://www.youtube.com/watch?v=MJqlgR6s1y8
JEE Advanced PYQ | 2016 Questions of Ray Optics | Eduniti | Mohit Sir (IIT KGP) #IIT #PYQ|Hcb2Po00v6g|https://www.youtube.com/watch?v=Hcb2Po00v6g
3 Biggest Mistakes while solving PHYSICS Questions | JEE Advanced Tips | Improve score by +30 #IIT|nGWXmrD90oo|https://www.youtube.com/watch?v=nGWXmrD90oo
JEE Advanced PYQ | 2015 Questions of Ray Optics | Eduniti | Mohit Sir (IIT KGP) #IIT #PYQ|UBC__r2zxLE|https://www.youtube.com/watch?v=UBC__r2zxLE
🔴 Cracking JEE Advanced 2021 Easy ? | Must do Physics Topics | A tip by Mohit Sir (IITKGP) #IIT2021|3t7V0uvkjF8|https://www.youtube.com/watch?v=3t7V0uvkjF8
Units and Dimensions | Concept & PYQs in 17 min | +4 Marks | JEE Physics by Mohit Sir (IITKGP)|wdd-wlZF4Hk|https://www.youtube.com/watch?v=wdd-wlZF4Hk
🤔 How questions are made ? | How to Study ? | JEE Main & JEE Advanced | Mohit Sir (IIT KGP) #Concept|udF-8Bf5Q_A|https://www.youtube.com/watch?v=udF-8Bf5Q_A
😨 Has NTA UP the LEVEL ? | 27th August Shift 1 ANALYSIS | JEE 2021 Physics | 👉 31st and 1st Sep|8kmRTkJCgRU|https://www.youtube.com/watch?v=8kmRTkJCgRU
🚀 Top 10 Questions of 26th August Shift 1 | JEE Main 2021 | JEE Physics by Mohit Sir (IIT KGP)|0l8FbUBY26E|https://www.youtube.com/watch?v=0l8FbUBY26E
26th August Shift 2 DEEP ANALYSIS | Compared to shift 1 ? | JEE 2021 Physics | Mohit Sir (IITKGP)|pOyJEUE75TI|https://www.youtube.com/watch?v=pOyJEUE75TI
😲 Was this Question really Shocking ? LEAKAGE CURRENT in Capacitor | 26th August | JEE Main 2021|MLgk52XlLM8|https://www.youtube.com/watch?v=MLgk52XlLM8
26th August Shift 1 deep ANALYSIS | JEE 2021 Physics | Learning for 31st and 1st Sep students|2ViATNw4Bik|https://www.youtube.com/watch?v=2ViATNw4Bik
Complete Modern Physics in 59 Min | FREE Notes 😀 IITIAN Style | Link to PYQs | JEE & NEET|0MTI0WRj_Mo|https://www.youtube.com/watch?v=0MTI0WRj_Mo
Logic Gates in 12 Min | De Morgan's Theorem | Semiconductors #3 | Concept and PYQs | JEE Physics|pZdQAzLbFTo|https://www.youtube.com/watch?v=pZdQAzLbFTo
Last moment Nervousness ? | How to improve Memory ? | JEE August Attempt | Tip by Mohit Sir (IITKGP)|JGD5pd3M6kY|https://www.youtube.com/watch?v=JGD5pd3M6kY
X Rays - Modern Physics (Part-6) | Formulae and Concept REVISION in 13 min | JEE Physics|dSHXdzX7NX0|https://www.youtube.com/watch?v=dSHXdzX7NX0
Success Mantra by  A. P. J. Abdul Kalam | JEE & NEET Aspirants #Motivational #Inspirational|YyszBqA057U|https://www.youtube.com/watch?v=YyszBqA057U
Simple Harmonic Motion | Formulae and Concept REVISION in 25 min | JEE Physics by Mohit Sir (IITKGP)|RIb7ofNG09I|https://www.youtube.com/watch?v=RIb7ofNG09I
🤔 Do you know them all ? | Moment of Inertia | ROTATION | JEE Physics by Mohit Sir (IIT KGP)|9ckZdOhy3z0|https://www.youtube.com/watch?v=9ckZdOhy3z0
🤔 Do you know them all ? | Standard bodies Center of Mass | JEE Physics by Mohit Sir (IIT KGP)|oCeACfryB-U|https://www.youtube.com/watch?v=oCeACfryB-U
Organ Pipes | Resonance Tube | End Correction | JEE Main PYQs  | JEE Physics #SoundWaves|fB7pfJ77za8|https://www.youtube.com/watch?v=fB7pfJ77za8
🚀 Final Checklist for +80 in PHYSICS | August attempt | JEE Main 2021 #Revision_LastMoment|iImPx7EibVA|https://www.youtube.com/watch?v=iImPx7EibVA
🚀 Complete Physics Solution of JULY Attempt | JEE Main 2021 | 210 Questions | Mohit Goenka (IIT KGP)|igmJzh_O_xc|https://www.youtube.com/watch?v=igmJzh_O_xc
Doppler's Effect | How to apply Formulae ? | JEE Main PYQs | All cases discussed | JEE Physics|9-BxOaamnwg|https://www.youtube.com/watch?v=9-BxOaamnwg
JEE Main 2021 JULY Solution | Modern Physics | IIT JEE Physics | Mohit Goenka (IIT KGP)|gcC5W_q_1Ek|https://www.youtube.com/watch?v=gcC5W_q_1Ek
JEE Main 2021 JULY Solution | Semiconductors | IIT JEE Physics | Mohit Goenka (IIT KGP)|Mpb9OXiYaeQ|https://www.youtube.com/watch?v=Mpb9OXiYaeQ
JEE Main 2021 JULY Solution | Wave Optics | Electromagnetic Waves | IIT JEE Physics|GtQu6kmuzwE|https://www.youtube.com/watch?v=GtQu6kmuzwE
JEE Main 2021 JULY Solution | Ray Optics | IIT JEE Physics | Mohit Goenka (IIT KGP)|aDUGro7juJU|https://www.youtube.com/watch?v=aDUGro7juJU
🔴 Guaranteed 44 Marks in Physics  - August Attempt | JEE Main 2021 | A tip by Mohit Goenka (IIT KGP)|-7uB4k7ssU8|https://www.youtube.com/watch?v=-7uB4k7ssU8
JEE Main 2021 JULY Solution | Alternating Current | IIT JEE Physics | Mohit Goenka (IIT KGP)|_jcRH0FsVaA|https://www.youtube.com/watch?v=_jcRH0FsVaA
JEE Main 2021 JULY Solution | Electromagnetic Induction | IIT JEE Physics | Mohit Goenka (IIT KGP)|td972h08yEc|https://www.youtube.com/watch?v=td972h08yEc
JEE Main 2021 JULY Solution | Magnetism | IIT JEE Physics | Mohit Goenka (IIT KGP)|VD1CbvDBaVQ|https://www.youtube.com/watch?v=VD1CbvDBaVQ
JEE Main 2021 JULY Solution | Current Electricity | IIT JEE Physics | Mohit Goenka (IIT KGP)|8B05p5TOYHI|https://www.youtube.com/watch?v=8B05p5TOYHI
JEE Main 2021 JULY Solution | Capacitors | IIT JEE Physics | Mohit Goenka (IIT KGP)|MuhCmHMxIhQ|https://www.youtube.com/watch?v=MuhCmHMxIhQ
Transistor | Common Emitter Amplifier | Semiconductors #2 | Concept and PYQs | JEE Physics|psDwl84Nzb0|https://www.youtube.com/watch?v=psDwl84Nzb0
JEE Main 2021 JULY Solution | Electrostatics | IIT JEE Physics | Mohit Goenka (IIT KGP)|8GXaNhqntcQ|https://www.youtube.com/watch?v=8GXaNhqntcQ
Zener Diode | Zener Breakdown | Semiconductors #1 | Concept and PYQs | JEE Physics|_A2JomQ7-50|https://www.youtube.com/watch?v=_A2JomQ7-50
JEE Main 2021 JULY Solution | Communication Systems | IIT JEE Physics | Mohit Goenka (IIT KGP)|S1mAQsdiUmc|https://www.youtube.com/watch?v=S1mAQsdiUmc
Communication Systems | Quick REVISION & PYQs | Amplitude Modulation | Antenna Length | JEE Physics|8NgMqK9X79Y|https://www.youtube.com/watch?v=8NgMqK9X79Y
JEE Main 2021 JULY Solution | Thermodynamics | KTG | IIT JEE Physics | Mohit Goenka (IIT KGP)|ZeRA_bWYkP0|https://www.youtube.com/watch?v=ZeRA_bWYkP0
JEE Main 2021 JULY Solution | Solids & Fluids | IIT JEE Physics | Mohit Goenka (IIT KGP)|lkwiZzOCTgE|https://www.youtube.com/watch?v=lkwiZzOCTgE
JEE Main 2021 JULY Solution | Gravitation | IIT JEE Physics | Mohit Goenka (IIT KGP)|OutcA8FY__M|https://www.youtube.com/watch?v=OutcA8FY__M
JEE Main 2021 JULY Solution | Simple Harmonic Motion | IIT JEE Physics | Mohit Goenka (IIT KGP)|9k7YTxZJvnQ|https://www.youtube.com/watch?v=9k7YTxZJvnQ
Optical Instruments | REVISION in 20 min | Microscope & Telescope | Resolving Power | JEE Physics|OQssbDH0A4I|https://www.youtube.com/watch?v=OQssbDH0A4I
Electromagnetic Waves | Quick REVISION in 15 min | Displacement Current | Intensity | JEE Physics|bcVXgEkyQZY|https://www.youtube.com/watch?v=bcVXgEkyQZY
Diffraction & Polarization - Wave Optics (Part-2) | Formulae and Concept REVISION in 15 min | JEE|ymMyyJGGqnY|https://www.youtube.com/watch?v=ymMyyJGGqnY
Interference - Wave Optics (Part-1) | Formulae and Concept REVISION in 24 min | YDSE | JEE Physics|LG5nlE8XTeI|https://www.youtube.com/watch?v=LG5nlE8XTeI
JEE Main 2021 JULY Solution | Rotation | IIT JEE Physics | Mohit Goenka (IIT KGP)|H_jH3GtD4Bs|https://www.youtube.com/watch?v=H_jH3GtD4Bs
JEE Main 2021 JULY Solution | Center of Mass | Collision | IIT JEE Physics | Mohit Goenka (IIT KGP)|5P1QCbU-t84|https://www.youtube.com/watch?v=5P1QCbU-t84
JEE Main 2021 JULY Solution | Work Energy Power | IIT JEE Physics | Mohit Goenka (IIT KGP)|pcP3So46Gug|https://www.youtube.com/watch?v=pcP3So46Gug
JEE Main 2021 JULY Solution | Laws of Motion | IIT JEE Physics | Mohit Goenka (IIT KGP)|hCShMjLXnFo|https://www.youtube.com/watch?v=hCShMjLXnFo
JEE Main 2021 JULY Solution | Kinematics | IIT JEE Physics | Mohit Goenka (IIT KGP)|mQSeejQAVwU|https://www.youtube.com/watch?v=mQSeejQAVwU
Magnetic Materials | Dia-Para and Ferromagnetism | Susceptibility | Hysteresis Curve | JEE Physics|63cwdYXNlYE|https://www.youtube.com/watch?v=63cwdYXNlYE
Alternating Current  | Formulae and Concept REVISION in 20 min | JEE Physics by Mohit Sir (IIT KGP)|74dTY-pzM_o|https://www.youtube.com/watch?v=74dTY-pzM_o
JEE Main 2021 JULY Solution | Units & Dimensions | Errors | Vectors | IIT JEE Physics | Mohit Goenka|OFQ8bUdFafc|https://www.youtube.com/watch?v=OFQ8bUdFafc
Earth's Magnetism | Angle of Dip and Angle of Declination | JEE Physics by Mohit Sir (IIT KGP)|a4CT5uVwAK4|https://www.youtube.com/watch?v=a4CT5uVwAK4
Electromagnetic Induction  | Formulae and Concept REVISION in 30 min | JEE Physics by Mohit Sir|puVavm_GFRM|https://www.youtube.com/watch?v=puVavm_GFRM
Chapter wise Weightage | Physics Analysis | July Attempt | JEE Main 2021 #August_Opportunity|Z18Acq6AdXY|https://www.youtube.com/watch?v=Z18Acq6AdXY
Capacitors | Formulae and Concept REVISION in 22 min | JEE Physics by Mohit Sir (IITKGP)|EXEiickNUkY|https://www.youtube.com/watch?v=EXEiickNUkY
Current Electricity | Formulae and Concept REVISION in 25 min | JEE Physics by Mohit Sir (IITKGP)|gm8FUfjrX18|https://www.youtube.com/watch?v=gm8FUfjrX18
🚀 Must solve Questions of 25th JULY Shift 1 | JEE Main 2021 | JEE Physics by Mohit Sir (IIT KGP)|VRmD6PjhYVU|https://www.youtube.com/watch?v=VRmD6PjhYVU
Nuclear Physics - Modern Physics (Part-5) | Formulae and Concept REVISION in 14 min | JEE Physics|VDWqVahGixc|https://www.youtube.com/watch?v=VDWqVahGixc
🚀 Must solve 10 Questions of 22nd JULY | JEE Main 2021 | JEE Physics by Mohit Sir (IIT KGP)|EaZ23Wyy14U|https://www.youtube.com/watch?v=EaZ23Wyy14U
Radioactivity - Modern Physics (Part-4) | Formulae and Concept REVISION in 6 min | JEE Physics|AdX3YBhQyog|https://www.youtube.com/watch?v=AdX3YBhQyog
Dual Nature of Light - Modern Physics (Part-3)| Formulae and Concept REVISION in 8 min | JEE Physics|0zoR_saMAQY|https://www.youtube.com/watch?v=0zoR_saMAQY
22nd July Physics Analysis - JEE Main 2021 | Most Detailed Analysis in 5 min by Mohit Sir (IIT KGP)|5HN2kW1yrKs|https://www.youtube.com/watch?v=5HN2kW1yrKs
Photoelectric Effect - Modern Physics (Part-2)| Formulae and Concept REVISION in 8 min | JEE Physics|24oTQp84jrk|https://www.youtube.com/watch?v=24oTQp84jrk
Atomic Structure - Modern Physics (Part-1) | Formulae and Concept REVISION in 10 min | JEE Physics|9VKUnE3mpHk|https://www.youtube.com/watch?v=9VKUnE3mpHk
JEE Main 2021 20 July का Paper यहाँ से आया था Secret Out 😮 | Physics is here where are you ? #JEE|tUx28tQPego|https://www.youtube.com/watch?v=tUx28tQPego
Moving Charges | Formulae and Concept REVISION in 13 min | JEE Physics by Mohit Sir (IIT KGP)|ULD2Ok1CGJk|https://www.youtube.com/watch?v=ULD2Ok1CGJk
Ray Optics | Formulae and Concept REVISION in 20 min | JEE Physics by Mohit Sir (IITKGP)|BhnyTWzIlBA|https://www.youtube.com/watch?v=BhnyTWzIlBA
NERVOUS before JEE Exam😰 ? What I reminded myself before My Paper ! #JEE_Tips by Mohit Sir (IITKGP)|sZxVWHMoHqI|https://www.youtube.com/watch?v=sZxVWHMoHqI
Electrostatics | Formulae and Concept REVISION in 15 min | JEE Physics by Mohit Sir (IITKGP)|3stXbGRMcrk|https://www.youtube.com/watch?v=3stXbGRMcrk
Work Energy Power | Formulae and Concept REVISION in 9 min | JEE Physics by Mohit Sir (IIT KGP)|kjrXoE-kDI8|https://www.youtube.com/watch?v=kjrXoE-kDI8
Revise FORMULAE the correct way | Learn to apply | JEE Physics by Mohit Sir (IITKGP) #JEE_Tips|mgOMETJlPl0|https://www.youtube.com/watch?v=mgOMETJlPl0
JEE Main 2022: Most Probable 100 Questions (Part 4) | Target 99 Percentile with #Eduniti|tkcAFh_Pa8M|https://www.youtube.com/watch?v=tkcAFh_Pa8M
One mistake and RANK goes down😧 | JEE Aspirants - You can Control it #IITJEE_TIP|xYMetWpy_yM|https://www.youtube.com/watch?v=xYMetWpy_yM
JEE Main 2022: Most Probable 100 Questions (Part 3) | Target 99 Percentile with #Eduniti|Y46mO32k3iQ|https://www.youtube.com/watch?v=Y46mO32k3iQ
Is 4th attempt POSTPONED ? 🤔 JEE Main 2021 Update | What can I do Now to get best output ?|Y5ddWcm7UBU|https://www.youtube.com/watch?v=Y5ddWcm7UBU
EVERY JEE Aspirant must STOP doing this NOW | You can DO it ! #IITJEE_TIP|_xAOeWdk6rg|https://www.youtube.com/watch?v=_xAOeWdk6rg
JEE Main 2022: Most Probable 100 Questions (Part 2) | Target 99 Percentile with #Eduniti|uDbeJQgxYe4|https://www.youtube.com/watch?v=uDbeJQgxYe4
JEE Main 2022: Most Probable 100 Questions (Part 1) | Target 99 Percentile with #Eduniti|b4272nZl0vs|https://www.youtube.com/watch?v=b4272nZl0vs
Big Surprise 🔥🔥 for JEE 2021 Aspirants | 100 Most Probable Question | JEE Main Physics|AfVaIb9q6QI|https://www.youtube.com/watch?v=AfVaIb9q6QI
JEE Main Mock Test 2 Solution 📝 (Complete Syllabus) | JEE Main Physics | JEE 2021 #JEE|b-1ncbDK0EM|https://www.youtube.com/watch?v=b-1ncbDK0EM
JEE Main 2021 FREE RESOURCE | Physics Last moment 3 TIPS 🔥 | Revision Plan For 10 Days|UZYfrQbVw_0|https://www.youtube.com/watch?v=UZYfrQbVw_0
JEE Main 2021 Mock Test 1 Solution 😎| FREE REVISION RESOURCE | Target 3rd and 4th JEE Attempts|GFQ7sPc5xiY|https://www.youtube.com/watch?v=GFQ7sPc5xiY
Watched everything, NOW LEARN from EDUNITI - PHYSICS 🔥| Are you READY for 3rd and 4th ATTEMPTS ?|ZEDfrJWogwU|https://www.youtube.com/watch?v=ZEDfrJWogwU
First 30 Min decides your RANK ⏱️ #IIT_Motivation #Inspirational #IITJEE|vYcNQX8tDe0|https://www.youtube.com/watch?v=vYcNQX8tDe0
CSE Cutoff Category Wise - All 23 IITs | Percentage Marks vs Closing Rank | High Average Package 🤑|1vuNaZo9Qbs|https://www.youtube.com/watch?v=1vuNaZo9Qbs
Advanced Physics Problem Series | Q5 Modern Physics | IIT JEE Physics | Mohit Goenka|W2n5dhDDXhU|https://www.youtube.com/watch?v=W2n5dhDDXhU
Advanced Physics Problem Series | Q4 Modern Physics | IIT JEE Physics | Mohit Goenka|wZGNABKbxnM|https://www.youtube.com/watch?v=wZGNABKbxnM
Advanced Physics Problem Series | Q3 Modern Physics | IIT JEE Physics | Mohit Goenka|19oPe4yFSHU|https://www.youtube.com/watch?v=19oPe4yFSHU
Advanced Physics Problem Series | Q2 Modern Physics | IIT JEE Physics | Mohit Goenka|XanAU6o43jg|https://www.youtube.com/watch?v=XanAU6o43jg
Advanced Physics Problem Series | Q1 Modern Physics | IIT JEE Physics | Mohit Goenka|nfczbfNTAIo|https://www.youtube.com/watch?v=nfczbfNTAIo
Cracking IIT JEE is a DANGAL in itself | Self Doubt👎🏻| Confidence👍🏻 #IIT_Motivation🔥|OdfK2DFSOLU|https://www.youtube.com/watch?v=OdfK2DFSOLU
Can I get TOP IIT at low ranks ?🤔 | Which branch ? | Should I take that branch ?|rADaJVLobCk|https://www.youtube.com/watch?v=rADaJVLobCk
SCREW GAUGE Explained | How to use ? | Least Count and Zero Error | IIT JEE Physics | Eduniti|gYd2PtmZ0mw|https://www.youtube.com/watch?v=gYd2PtmZ0mw
Vernier Caliper Explained | How to use ? | Least Count and Zero Error | IIT JEE PYQs | Eduniti|pVoN045dV8I|https://www.youtube.com/watch?v=pVoN045dV8I
🚀 JEE Main 2019 to 2021 Analysis | Important Chapters | Target +80 in Physics JEE Main | IIT JEE|6spwqYLElJI|https://www.youtube.com/watch?v=6spwqYLElJI
🚀 IIT JEE Advanced Analysis | JEE Advanced 2021 | Ranks vs Marks | Scoring Chapters in Physics|sKcv_WjP_k0|https://www.youtube.com/watch?v=sKcv_WjP_k0
Advanced Physics Problem Series | Q4 Thermodynamics | IIT JEE Physics | Mohit Goenka|nfyk8pz-tMo|https://www.youtube.com/watch?v=nfyk8pz-tMo
Advanced Physics Problem Series | Q3 Thermodynamics | IIT JEE Physics | Mohit Goenka|4Sx4JvXDhMU|https://www.youtube.com/watch?v=4Sx4JvXDhMU
Advanced Physics Problem Series | Q2 Thermodynamics | IIT JEE Physics | Mohit Goenka|P-0S3LzI34A|https://www.youtube.com/watch?v=P-0S3LzI34A
Advanced Physics Problem Series | Q1 Thermodynamics | IIT JEE Physics | Mohit Goenka|MRac6evoYVA|https://www.youtube.com/watch?v=MRac6evoYVA
Top IITs for Research and Job opportunities | Global Position by QS Rankings 2022|pH8KmfwR4AM|https://www.youtube.com/watch?v=pH8KmfwR4AM
Advanced Physics Problem Series | Q5 Current Electricity | IIT JEE Physics | Mohit Goenka|X39d-fXlKhQ|https://www.youtube.com/watch?v=X39d-fXlKhQ
Advanced Physics Problem Series | Q4 Current Electricity | IIT JEE Physics | Mohit Goenka|_bLw2-990_M|https://www.youtube.com/watch?v=_bLw2-990_M
Advanced Physics Problem Series | Q3 Current Electricity | IIT JEE Physics | Mohit Goenka|6f152kWGxXw|https://www.youtube.com/watch?v=6f152kWGxXw
Advanced Physics Problem Series | Q2 Current Electricity | IIT JEE Physics | Mohit Goenka|vGEAsjhc51Y|https://www.youtube.com/watch?v=vGEAsjhc51Y
Advanced Physics Problem Series | Q1 Current Electricity | IIT JEE Physics | Mohit Goenka|zMUoHpsOi68|https://www.youtube.com/watch?v=zMUoHpsOi68
Advanced Physics Problem Series | Q5 Capacitor | IIT JEE Physics | Mohit Goenka|JLU7MnFTzNI|https://www.youtube.com/watch?v=JLU7MnFTzNI
Advanced Physics Problem Series | Q4 Capacitor | IIT JEE Physics | Mohit Goenka|TTDP5-WZalY|https://www.youtube.com/watch?v=TTDP5-WZalY
Advanced Physics Problem Series | Q3 Capacitor | IIT JEE Physics | Mohit Goenka|3zc-1N1171w|https://www.youtube.com/watch?v=3zc-1N1171w
Advanced Physics Problem Series | Q2 Capacitor | IIT JEE Physics | Mohit Goenka|2Z-zJtzo1zM|https://www.youtube.com/watch?v=2Z-zJtzo1zM
Advanced Physics Problem Series | Q1 Capacitor | IIT JEE Physics | Mohit Goenka|zXapeidJoEM|https://www.youtube.com/watch?v=zXapeidJoEM
Advanced Physics Problem Series | Q5 Electrostatics | IIT JEE Physics | Mohit Goenka|RGfAaiuY46Y|https://www.youtube.com/watch?v=RGfAaiuY46Y
Advanced Physics Problem Series | Q4 Electrostatics | IIT JEE Physics | Mohit Goenka|nY-dUvAzlc0|https://www.youtube.com/watch?v=nY-dUvAzlc0
Advanced Physics Problem Series | Q3 Electrostatics | IIT JEE Physics | Mohit Goenka|G4vXeeujWJE|https://www.youtube.com/watch?v=G4vXeeujWJE
Advanced Physics Problem Series | Q2 Electrostatics | IIT JEE Physics | Mohit Goenka|2NXC0vypAIQ|https://www.youtube.com/watch?v=2NXC0vypAIQ
Advanced Physics Problem Series | Q1 Electrostatics | IIT JEE Physics | Mohit Goenka|KRJMvgxFyRw|https://www.youtube.com/watch?v=KRJMvgxFyRw
Advanced Physics Problem Series | Q5 EMI and AC | IIT JEE Physics | Mohit Goenka|bMVk3k9lFaY|https://www.youtube.com/watch?v=bMVk3k9lFaY
Advanced Physics Problem Series | Q4 EMI and AC | IIT JEE Physics | Mohit Goenka|7YFs4T11CCM|https://www.youtube.com/watch?v=7YFs4T11CCM
Advanced Physics Problem Series | Q3 EMI and AC | IIT JEE Physics | Mohit Goenka|RRsxiz2Szu4|https://www.youtube.com/watch?v=RRsxiz2Szu4
Advanced Physics Problem Series | Q2 EMI and AC | IIT JEE Physics | Mohit Goenka|P_zI6ofjitQ|https://www.youtube.com/watch?v=P_zI6ofjitQ
Who should solve IE IRODOV ? | Are all problems relevant ?🤔 | IIT JEE Physics | Mohit Goenka|RxLcVE0vZiY|https://www.youtube.com/watch?v=RxLcVE0vZiY
Advanced Physics Problem Series | Q1 EMI and AC | IIT JEE Physics | Mohit Goenka|uzgql8GpAqo|https://www.youtube.com/watch?v=uzgql8GpAqo
Advanced Physics Problem Series | Q5 Magnetism | IIT JEE Physics | Mohit Goenka|pn-F3SKYQNo|https://www.youtube.com/watch?v=pn-F3SKYQNo
Advanced Physics Problem Series | Q4 Magnetism | IIT JEE Physics | Mohit Goenka|Y9EuOreCpKM|https://www.youtube.com/watch?v=Y9EuOreCpKM
Advanced Physics Problem Series | Q3 Magnetism | IIT JEE Physics | Mohit Goenka|TdY4YLEuUDg|https://www.youtube.com/watch?v=TdY4YLEuUDg
Best Books for IIT JEE Physics 🔥🔥 | A list by Mohit Goenka (IIT Kharagpur Alum)|8OthPFCWQi4|https://www.youtube.com/watch?v=8OthPFCWQi4
Advanced Physics Problem Series | Q2 Magnetism | IIT JEE Physics | Mohit Goenka|4XTt8-a2bUU|https://www.youtube.com/watch?v=4XTt8-a2bUU
Advanced Physics Problem Series | Q1 Magnetism | IIT JEE Physics | Mohit Goenka|n_NU2YAXnW0|https://www.youtube.com/watch?v=n_NU2YAXnW0
Advanced Physics Problem Series | Q5 Ray Optics | IIT JEE Physics | Mohit Goenka|F481R4rl7OE|https://www.youtube.com/watch?v=F481R4rl7OE
What did a student do to crack IIT ? | 91 percentile in JEE Main to IIT Delhi 🔥🔥🔥|OufTICT3_5o|https://www.youtube.com/watch?v=OufTICT3_5o
Advanced Physics Problem Series | Q4 Ray Optics | IIT JEE Physics | Mohit Goenka|ASyEHEmxl_s|https://www.youtube.com/watch?v=ASyEHEmxl_s
Advanced Physics Problem Series | Q3 Ray Optics | IIT JEE Physics | Mohit Goenka|NrxGVC61_jo|https://www.youtube.com/watch?v=NrxGVC61_jo
🔥 Top 50 Mechanics Problems | Under 1000 Rank in JEE Advanced 2021| Mohit Goenka (IITKGP)|lIsg1NqZY24|https://www.youtube.com/watch?v=lIsg1NqZY24
Advanced Physics Problem Series | Q2 Ray Optics | IIT JEE Physics | Mohit Goenka|r3yMltvtY7c|https://www.youtube.com/watch?v=r3yMltvtY7c
Advanced Physics Problem Series | Q1 Ray Optics | IIT JEE Physics | Mohit Goenka|aFeJZF-JP1c|https://www.youtube.com/watch?v=aFeJZF-JP1c
Advanced Physics Problem Series | Q5 Gravitation | IIT JEE Physics | Mohit Goenka|0PdT3cuIXwk|https://www.youtube.com/watch?v=0PdT3cuIXwk
Advanced Physics Problem Series | Q4 Gravitation | IIT JEE Physics | Mohit Goenka|9HNhONeNyo4|https://www.youtube.com/watch?v=9HNhONeNyo4
Advanced Physics Problem Series | Q3 Gravitation | IIT JEE Physics | Mohit Goenka|cPZphpAXJ2o|https://www.youtube.com/watch?v=cPZphpAXJ2o
Physics Part Test 3 | JEE Main 2022 | 25 Killer Questions | Mohit Goenka (IITKGP)|sbbl_mWEIXs|https://www.youtube.com/watch?v=sbbl_mWEIXs
Advanced Physics Problem Series | Q2 Gravitation | IIT JEE Physics | Mohit Goenka|v2WPft8iTNs|https://www.youtube.com/watch?v=v2WPft8iTNs
Advanced Physics Problem Series | Q1 Gravitation | IIT JEE Physics | Mohit Goenka|aihrhn7mVmk|https://www.youtube.com/watch?v=aihrhn7mVmk
Advanced Physics Problem Series | Q5 Rotational Mechanics | IIT JEE Physics | Mohit Goenka|RgxFE1OWmCg|https://www.youtube.com/watch?v=RgxFE1OWmCg
Advanced Physics Problem Series | Q4 Rotational Mechanics | IIT JEE Physics | Mohit Goenka|L2YF0TLT0LQ|https://www.youtube.com/watch?v=L2YF0TLT0LQ
Advanced Physics Problem Series | Q3 Rotational Mechanics | IIT JEE Physics | Mohit Goenka|t1z2S45ZIsI|https://www.youtube.com/watch?v=t1z2S45ZIsI
Advanced Physics Problem Series | Q2 Rotational Mechanics | IIT JEE Physics | Mohit Goenka|Twj-nUqJv80|https://www.youtube.com/watch?v=Twj-nUqJv80
Advanced Physics Problem Series | Q1 Rotational Mechanics | IIT JEE Physics | Mohit Goenka|mKQaBPUyA78|https://www.youtube.com/watch?v=mKQaBPUyA78
Physics Part Test 2 | JEE Main 2022 | 25 Killer Questions | Mohit Goenka (IITKGP)|5FXEPC1fa9g|https://www.youtube.com/watch?v=5FXEPC1fa9g
Unwell ! Will be back SOON | You all take care #positivity #studymodeon|C_KmCJme_gs|https://www.youtube.com/watch?v=C_KmCJme_gs
Thermodynamics | Quick Revision | Key Points and Formula List | JEE Main and NEET Physics|iz_kf1jRDRw|https://www.youtube.com/watch?v=iz_kf1jRDRw
Kinetic Theory of Gases | Quick Revision | Key Points and Formula List | JEE Main and NEET Physics|XO1tvFhIa0I|https://www.youtube.com/watch?v=XO1tvFhIa0I
Wave Motion JEE Main 2020 Questions Solution | JEE Main PYQ | JEE Physics | Mohit Goenka (IITKGP)|Sr7YoXYAsjI|https://www.youtube.com/watch?v=Sr7YoXYAsjI
सांभा Learning from Eduniti and You ? | Current Electricity | JEE Physics | Mohit Goenka [IIT KGP]|Mb2QbgP6nSU|https://www.youtube.com/watch?v=Mb2QbgP6nSU
#3 Short Trick To Solve Pulley Block System | Laws of Motion | JEE Physics | Mohit Goenka|MZwkIpJcJKo|https://www.youtube.com/watch?v=MZwkIpJcJKo
Electrodynamics Top 15 Questions🔥 of JEE Main 2018 | IIT JEE Physics | Mohit Goenka|axkfAHNQpqE|https://www.youtube.com/watch?v=axkfAHNQpqE
Modern Physics Top 10 Questions🔥 of JEE Main 2018 | IIT JEE Physics | Mohit Goenka|57hFMA7gKSA|https://www.youtube.com/watch?v=57hFMA7gKSA
Work Energy Power | NTA Abhyas Chapterwise Test 📝 | JEE Main Physics | JEE Main 2021 | Mohit Goenka|e-nk3FBhlEg|https://www.youtube.com/watch?v=e-nk3FBhlEg
Laws of Motion | NTA Abhyas Chapterwise Test 📝 | JEE Main Physics | JEE Main 2021 | Mohit Goenka|2RhggZrrdI0|https://www.youtube.com/watch?v=2RhggZrrdI0
Gravitation | NTA Abhyas Chapterwise Test 📝 | JEE Main Physics | JEE Main 2021 | Mohit Goenka|ctiuSKCQlBI|https://www.youtube.com/watch?v=ctiuSKCQlBI
EMI and Alternating Current | IIT JEE | Rank Booster | JEE Physics | Mohit Goenka|2WO8iHSzSTU|https://www.youtube.com/watch?v=2WO8iHSzSTU
🔥 +170 Questions Solution of JEE Main 2021 March paper | JEE Physics | Mohit Goenka [IITKGP]|lV7MlN1lYoY|https://www.youtube.com/watch?v=lV7MlN1lYoY
#2 Short Trick To Find Time Period in SHM | SHM under Constant Force | JEE Physics | Mohit Goenka|Z-MscoaO5Hs|https://www.youtube.com/watch?v=Z-MscoaO5Hs
Potentiometer - Current Electricity | Class 12 | IIT JEE Main | NEET | JEE Physics | Mohit Goenka|bTHPOTLdagM|https://www.youtube.com/watch?v=bTHPOTLdagM
JEE Main 2021 March Solution | Electrostatics | IIT JEE Physics | Mohit Goenka|ElAGHNdDW_A|https://www.youtube.com/watch?v=ElAGHNdDW_A
JEE Main 2021 March Solution | Wave Motion | IIT JEE Physics | Mohit Goenka|2BDGi9GUS3s|https://www.youtube.com/watch?v=2BDGi9GUS3s
#1 Short Trick To Solve Circuit Problem | Point Potential Method | Current Electricity | JEE Physics|rPim2VZJ7l0|https://www.youtube.com/watch?v=rPim2VZJ7l0
Beat Frequency - Sound Wave | Class 11 | IIT JEE | JEE Physics | Mohit Goenka|XScK3ppvmkA|https://www.youtube.com/watch?v=XScK3ppvmkA
Rotation Questions | Target JEE Main 2021 | Rank Booster | IIT JEE Physics | Mohit Goenka|wjBRVQih400|https://www.youtube.com/watch?v=wjBRVQih400
JEE Main 2021 March Solution | Modern Physics | IIT JEE Physics | Mohit Goenka|vQZWyMCLhUY|https://www.youtube.com/watch?v=vQZWyMCLhUY
Gravitation Questions | IIT JEE | Rank Booster | JEE Physics | Mohit Goenka|ihCBK5SSqQA|https://www.youtube.com/watch?v=ihCBK5SSqQA
JEE Main 2021 March Solution | Communication Systems | IIT JEE Physics | Mohit Goenka|34YuJpU_b00|https://www.youtube.com/watch?v=34YuJpU_b00
JEE Main 2021 March Solution | Wave Optics | EM Waves | IIT JEE Physics | Mohit Goenka|ZjQ7Ok9sL-8|https://www.youtube.com/watch?v=ZjQ7Ok9sL-8
JEE Main 2021 March Solution | Semiconductors | IIT JEE Physics | Mohit Goenka|6mlTketvyHw|https://www.youtube.com/watch?v=6mlTketvyHw
JEE Main 2021 March Solution | Ray Optics | IIT JEE Physics | Mohit Goenka|R2D_95UZqZI|https://www.youtube.com/watch?v=R2D_95UZqZI
JEE Main 2021 March Solution | EMI | Alternating Current | IIT JEE Physics | Mohit Goenka|oTfwxTYsIlE|https://www.youtube.com/watch?v=oTfwxTYsIlE
JEE Main 2021 March Solution | Magnetism | IIT JEE Physics | Mohit Goenka|vCgzQfDdW04|https://www.youtube.com/watch?v=vCgzQfDdW04
JEE Main 2021 March Solution | Current Electricity | IIT JEE Physics | Mohit Goenka|ikRV-XMAE0Y|https://www.youtube.com/watch?v=ikRV-XMAE0Y
JEE Main 2021 March Solution | Capacitor | IIT JEE Physics | Mohit Goenka|KFUW5qZrgBA|https://www.youtube.com/watch?v=KFUW5qZrgBA
JEE Main 2021 March Solution | Thermodynamics | IIT JEE Physics | Mohit Goenka|IdeTs52HbWY|https://www.youtube.com/watch?v=IdeTs52HbWY
JEE Main 2021 March Solution | Solids and Fluids | IIT JEE Physics | Mohit Goenka|r06cZLwmtGE|https://www.youtube.com/watch?v=r06cZLwmtGE
JEE Main 2021 March Solution | Simple Harmonic Motion | IIT JEE Physics | Mohit Goenka|an5nx2izDmA|https://www.youtube.com/watch?v=an5nx2izDmA
JEE Main 2021 March Solution | Gravitation | IIT JEE Physics | Mohit Goenka|GkASg_IMGcs|https://www.youtube.com/watch?v=GkASg_IMGcs
JEE Main 2021 March Solution | Rotational Motion | IIT JEE Physics | Mohit Goenka|6CsOsazSvmA|https://www.youtube.com/watch?v=6CsOsazSvmA
JEE Main 2021 March Solution | Work Energy Power | Center of Mass | IIT JEE Physics | Mohit Goenka|ocJJa_lXm64|https://www.youtube.com/watch?v=ocJJa_lXm64
JEE Main 2021 March Solution | Laws of Motion | IIT JEE Physics | Mohit Goenka|zUu5ccnsB_4|https://www.youtube.com/watch?v=zUu5ccnsB_4
JEE Main 2021 March Solution | Kinematics | IIT JEE Physics | Mohit Goenka|ek7EgrGh3fg|https://www.youtube.com/watch?v=ek7EgrGh3fg
JEE Main 2021 March Solution | Units & Dimensions | Error | Vectors | IIT JEE Physics | Mohit Goenka|7za14uUHkps|https://www.youtube.com/watch?v=7za14uUHkps
Thermodynamics Questions | IIT JEE | JEE Physics | Mohit Goenka|2k9N4O5zoN0|https://www.youtube.com/watch?v=2k9N4O5zoN0
Not the time to STOP | Target JEE Main 2021 April | Practice करोगे ? | Mohit Goenka|gCGTDiOfEjw|https://www.youtube.com/watch?v=gCGTDiOfEjw
IIT JEE Advanced Gravitation PYQs | Part 2 | IITJEE Physics | Mohit Goenka|pAbUsiGfiuo|https://www.youtube.com/watch?v=pAbUsiGfiuo
IIT JEE Advanced Gravitation PYQs | Part 1 | IITJEE Physics | Mohit Goenka|CFOLZa8NqhU|https://www.youtube.com/watch?v=CFOLZa8NqhU
JEE Main 2021 Paper Solutions | 18th March Morning Shift | IITJEE Physics | Mohit Goenka|ftu7YB2w1Fs|https://www.youtube.com/watch?v=ftu7YB2w1Fs
JEE Main 2021 Paper Solutions | 17th March Evening Shift | IITJEE Physics | Mohit Goenka|20Khx_Eedvc|https://www.youtube.com/watch?v=20Khx_Eedvc
JEE Main 2021 Paper Solutions | 17th March Morning Shift | IITJEE Physics | Mohit Goenka|4IWHe1WGQeI|https://www.youtube.com/watch?v=4IWHe1WGQeI
JEE Main 2021 Paper Solutions | 16th March Evening Shift | IITJEE Physics | Mohit Goenka|QI2CrVwiUTA|https://www.youtube.com/watch?v=QI2CrVwiUTA
JEE Main 2021 Paper Solutions | 16th March Morning Shift | IITJEE Physics | Mohit Goenka|wd0WimLqMtk|https://www.youtube.com/watch?v=wd0WimLqMtk
Capacitors | JEE Main 2021 February Solution | JEE Physics | Mohit Goenka|ltGMjtYtWo4|https://www.youtube.com/watch?v=ltGMjtYtWo4
Communication Systems | JEE Main 2021 February Solution | JEE Physics | Mohit Goenka|qKceO-tapgk|https://www.youtube.com/watch?v=qKceO-tapgk
Units & Dimensions | Errors | Vectors | JEE Main 2021 February Solution | JEE Physics | Mohit Goenka|irjQwBIrEoM|https://www.youtube.com/watch?v=irjQwBIrEoM
🔥 +150 Questions Solution of JEE Main 2021 February paper | JEE Physics | Mohit Goenka [IITKGP]|pRBlO30_ScA|https://www.youtube.com/watch?v=pRBlO30_ScA
Modern Physics | JEE Main 2021 February Solution | JEE Physics | Mohit Goenka|Fs0twasVIZk|https://www.youtube.com/watch?v=Fs0twasVIZk
Work Energy Power | Center of Mass | JEE Main 2021 February Solution | JEE Physics | Mohit Goenka|JBndilWvPwA|https://www.youtube.com/watch?v=JBndilWvPwA
Semiconductors | JEE Main 2021 February Solution | JEE Physics | Mohit Goenka|PgNtSqTL-pg|https://www.youtube.com/watch?v=PgNtSqTL-pg
Waves Optics and EM Waves | JEE Main 2021 February Solution | JEE Physics | Mohit Goenka|sAFHWEsMexE|https://www.youtube.com/watch?v=sAFHWEsMexE
Waves Motion | JEE Main 2021 February Solution | JEE Physics | Mohit Goenka|xcTzAJr-nOI|https://www.youtube.com/watch?v=xcTzAJr-nOI
Ray Optics | JEE Main 2021 February Solution | JEE Physics | Mohit Goenka|1vgAK0JzXhs|https://www.youtube.com/watch?v=1vgAK0JzXhs
Current Electricity | JEE Main 2021 February Solution | JEE Physics | Mohit Goenka|idtS783bH90|https://www.youtube.com/watch?v=idtS783bH90
Alternating Current | JEE Main 2021 February Solution | JEE Physics | Mohit Goenka|0Y6ryEhyaDc|https://www.youtube.com/watch?v=0Y6ryEhyaDc
Simple Harmonic Motion | JEE Main 2021 February Solution | JEE Physics | Mohit Goenka|OwW7p8D58nQ|https://www.youtube.com/watch?v=OwW7p8D58nQ
Magnetism | EMI | JEE Main 2021 February Solution | JEE Physics | Mohit Goenka|xAfDmJZuZ0E|https://www.youtube.com/watch?v=xAfDmJZuZ0E
Laws of Motion | JEE Main 2021 February Solution | JEE Physics | Mohit Goenka|2xuXY66RQWM|https://www.youtube.com/watch?v=2xuXY66RQWM
Kinematics | JEE Main 2021 February Solution | JEE Physics | Mohit Goenka|A47na5ifAMc|https://www.youtube.com/watch?v=A47na5ifAMc
Electrostatics | JEE Main 2021 February Solution | JEE Physics | Mohit Goenka|fFhY2eIHWb0|https://www.youtube.com/watch?v=fFhY2eIHWb0
Thermodynamics | JEE Main 2021 February Solution | JEE Physics | Mohit Goenka|oN4-Jru74Kw|https://www.youtube.com/watch?v=oN4-Jru74Kw
Rotation | JEE Main 2021 February Solution | JEE Physics | Mohit Goenka|2hqJnity2_o|https://www.youtube.com/watch?v=2hqJnity2_o
Gravitation | JEE Main 2021 February Solution | JEE Physics | Mohit Goenka|JMRSE512Kys|https://www.youtube.com/watch?v=JMRSE512Kys
Q8 | Rotational Motion | IITJEE Questions | JEE Advanced Physics | Mohit Goenka|rBU82SJuw1s|https://www.youtube.com/watch?v=rBU82SJuw1s
Q7 | Rotational Motion | IITJEE Questions | JEE Advanced Physics | Mohit Goenka|mh4twdX11JM|https://www.youtube.com/watch?v=mh4twdX11JM
Q6 | Rotational Motion | IITJEE Questions | JEE Advanced Physics | Mohit Goenka|rcbRByL7u9Y|https://www.youtube.com/watch?v=rcbRByL7u9Y
Q5 | Rotational Motion | IITJEE Questions | JEE Advanced Physics | Mohit Goenka|NjWiGoyB7I8|https://www.youtube.com/watch?v=NjWiGoyB7I8
Q4 | Rotational Motion | IITJEE Questions | JEE Advanced Physics | Mohit Goenka|s7nfJyHV3lQ|https://www.youtube.com/watch?v=s7nfJyHV3lQ
Q3 | Rotational Motion | IITJEE Questions | JEE Advanced Physics | Mohit Goenka|-ydsKqvQZ4Q|https://www.youtube.com/watch?v=-ydsKqvQZ4Q
Q2 | Rotational Motion | IITJEE Questions | JEE Advanced Physics | Mohit Goenka|9W8t6TsfCcU|https://www.youtube.com/watch?v=9W8t6TsfCcU
Q1 | Rotational Motion | IITJEE Questions | JEE Advanced Physics | Mohit Goenka|BJdCTfJVswU|https://www.youtube.com/watch?v=BJdCTfJVswU
Rolling on Inclined Plane | Rotational Motion | IITJEE Physics | NEET | Mohit Goenka (IITKGP)|uiZNdMcAw8E|https://www.youtube.com/watch?v=uiZNdMcAw8E
H C Verma Solutions | Rotational Mechanics | Q61 to Q70 | Mohit Goenka (IITKGP)|dLjkkADQiaE|https://www.youtube.com/watch?v=dLjkkADQiaE
H C Verma Solutions | Rotational Mechanics | Q51 to Q60 | Mohit Goenka (IITKGP)|7BeerWbV874|https://www.youtube.com/watch?v=7BeerWbV874
H C Verma Solutions | Rotational Mechanics | Q41 to Q50 | Mohit Goenka (IITKGP)|xy261Yr9-zg|https://www.youtube.com/watch?v=xy261Yr9-zg
H C Verma Solutions | Rotational Mechanics | Q21 to Q40 | Mohit Goenka (IITKGP)|5kRULI0p5i4|https://www.youtube.com/watch?v=5kRULI0p5i4
H C Verma Solutions | Rotational Mechanics | Q1 to Q20 | Mohit Goenka (IITKGP)|dXGqBbhupDM|https://www.youtube.com/watch?v=dXGqBbhupDM
Ray Optics | Best Previous Year Questions | JEE Physics | JEE Main | Mohit Goenka (IITKGP)|PluAorBXO4c|https://www.youtube.com/watch?v=PluAorBXO4c
Wave Optics | JEE Main 2020 Solution | PYQ | JEE Physics | Mohit Goenka (IITKGP)|DO34jz860l0|https://www.youtube.com/watch?v=DO34jz860l0
What is Pure Rolling ? | Rotational Motion | IITJEE Physics | NEET | Mohit Goenka (IITKGP)|gnrdqTYUHYY|https://www.youtube.com/watch?v=gnrdqTYUHYY
Capacitors | JEE Main 2020 Solution | JEE Physics | PYQs | Mohit Goenka (IITKGP)|INlf-2ZaaYg|https://www.youtube.com/watch?v=INlf-2ZaaYg
Ray Optics | JEE Main 2020 Solution | JEE Physics | PYQs | Mohit Goenka (IITKGP)|tnWmKrOQFUQ|https://www.youtube.com/watch?v=tnWmKrOQFUQ
Electrostatics best Questions | Rank Booster | PYQs | IIT JEE | Mohit Goenka (IIT KGP)|xgNXfOrbXxk|https://www.youtube.com/watch?v=xgNXfOrbXxk
HC Verma Kinematics Objective 1 and 2 Solutions | JEE and NEET | Mohit Goenka (IIT KGP)|szI0Zu437T8|https://www.youtube.com/watch?v=szI0Zu437T8
HC Verma Circular Motion Objective 1 and 2 Solutions | JEE and NEET | Mohit Goenka (IIT KGP)|bL05oU8nnWE|https://www.youtube.com/watch?v=bL05oU8nnWE
Electromagnetic Induction | JEE Main 2020 Question Solution | JEE Physics | Mohit Goenka|-q1ZibI_rGM|https://www.youtube.com/watch?v=-q1ZibI_rGM
How to Learn Physics for JEE and NEET ? | अब Samjhoge Physics | #Eduniti|0QilsKeZQo8|https://www.youtube.com/watch?v=0QilsKeZQo8
Gravitation Revision- Physics Class 11, JEE, NEET, Advanced | One Shot | Mohit Goenka (IIT KGP)|rAj2huLVaEk|https://www.youtube.com/watch?v=rAj2huLVaEk
अब Physics Dikhegi | Best Channel to Learn Physics | JEE Main, NEET, JEE Advanced|ASq92JeJPrM|https://www.youtube.com/watch?v=ASq92JeJPrM
HC Verma XI Solution | SHM Q42 | Animation पे Solution | Mohit Goenka | IIT Kharagpur|_1meOlrFVO0|https://www.youtube.com/watch?v=_1meOlrFVO0
HC Verma XI Solution | SHM Q39 | Animation पे Solution | Mohit Goenka | IIT Kharagpur|lYF_gPxdMkw|https://www.youtube.com/watch?v=lYF_gPxdMkw
Part 2 - Top 30 Questions on Thermodynamics | JEE PYQ | Mohit Goenka | IIT Kharagpur|NOOn26YxoTY|https://www.youtube.com/watch?v=NOOn26YxoTY
Part 1 - Top 30 Questions on Thermodynamics | JEE PYQ | Mohit Goenka | IIT Kharagpur|AEkdUVraS-Y|https://www.youtube.com/watch?v=AEkdUVraS-Y
HC Verma XI Solution | SHM Q31 | Animation पे Solution | Mohit Goenka | IIT Kharagpur|NHQG3SAZd6s|https://www.youtube.com/watch?v=NHQG3SAZd6s
Top 10 Questions on SHM | JEE Main 2027 | Mohit Goenka | IIT Kharagpur|rgVMO0ngfTc|https://www.youtube.com/watch?v=rgVMO0ngfTc
Top 10 Questions on Solids and Fluids | JEE Physics | Mohit Goenka | IIT Kharagpur|VAtNBDytnjc|https://www.youtube.com/watch?v=VAtNBDytnjc
Infinite Pulley System | Brainstormers | JEE Advanced and Olympiads | Mohit Goenka | IIT Kharagpur|_I5ba1RtUHg|https://www.youtube.com/watch?v=_I5ba1RtUHg
HC Verma XI Solution| Center of Mass Q61| Animation पे Solution | Mohit Goenka | IIT Kharagpur|d3c8mXZUU5s|https://www.youtube.com/watch?v=d3c8mXZUU5s
Properties of Solids JEE Main 2019-2020 Questions Solutions | One Shot | Mohit Goenka (IITKGP)|Mq1zjAfSLik|https://www.youtube.com/watch?v=Mq1zjAfSLik
Kinematics | JEE Main 2020 Questions Solution | JEE Physics | Mohit Goenka|OLKrZuYe150|https://www.youtube.com/watch?v=OLKrZuYe150
Electrostatics  JEE Main 2020 Question Solutions | PYQs by Mohit Goenka|VXd-SVrDIzw|https://www.youtube.com/watch?v=VXd-SVrDIzw
Semiconductors | JEE Main 2020 Questions Solution | JEE Physics| Mohit Goenka|7EUjm6CJwT4|https://www.youtube.com/watch?v=7EUjm6CJwT4
PYQs | Current Electricity Part 2 | Potentiometer and Meter Bridge | Mohit Goenka|Wf25je3RpdQ|https://www.youtube.com/watch?v=Wf25je3RpdQ
PYQs | Current Electricity Part 1 | Combination of Resistor & Circuit Problems | Mohit Goenka|UeCWp9OFgzA|https://www.youtube.com/watch?v=UeCWp9OFgzA
Rising Hoop Q1 | Brainstormers | JEE Advanced and Olympiads | Mohit Goenka | IIT Kharagpur|nUb_dmilEsI|https://www.youtube.com/watch?v=nUb_dmilEsI
Laws of Motion JEE 2010 - 2019 Questions Solution | One Shot | Mohit Goenka (IIT KGP)|ZUQ1hfF7Ov4|https://www.youtube.com/watch?v=ZUQ1hfF7Ov4
Laws of Motion | JEE Main 2020 Solutions | JEE Physics | Mohit Goenka|AxW4Ibc0KkY|https://www.youtube.com/watch?v=AxW4Ibc0KkY
Friction | Part 2 | HC Verma Problem Discussion by Mohit Goenka|jd69kl6qTIw|https://www.youtube.com/watch?v=jd69kl6qTIw
Center of Mass and Collision | JEE Main 2020 Question Solutions | JEE Physics | Mohit Goenka|ZeEzCS5uCmk|https://www.youtube.com/watch?v=ZeEzCS5uCmk
Gravitation JEE Main 2020 Questions Solution | One Shot | Mohit Goenka (IITKGP)|pSZgg7zvPsk|https://www.youtube.com/watch?v=pSZgg7zvPsk
Rotational Motion JEE Main 2020 Questions Solutions | One Shot | Mohit Goenka|zWddLCElwWE|https://www.youtube.com/watch?v=zWddLCElwWE
Friction | Part 1 | HC Verma Problem Discussion by Mohit Goenka|jZ3FFrik7I4|https://www.youtube.com/watch?v=jZ3FFrik7I4
Laws of Motion | Part 2 | HC Verma Problem Discussion by Mohit Goenka|wHSIof9XUIE|https://www.youtube.com/watch?v=wHSIof9XUIE
Laws of Motion | Part 1 | HC Verma Problem Discussion by Mohit Goenka|aciiaxH1P6E|https://www.youtube.com/watch?v=aciiaxH1P6E
